2011,2011,AL,Alabama,Behavioral Risk Factor Surveillance System,Obesity / Weight Status,Obesity / Weight Status,Percent of adults aged 18 years and older who have obesity,,Value,32,32,,,30.5,33.5,7304,Total,,,,,,"(32.84057112200048, -86.63186076199969)",OWS,OWS1,Q036,VALUE,1,Total,Total,OVR,OVERALL
2012,2012,AL,Alabama,Behavioral Risk Factor Surveillance System,Obesity / Weight Status,Obesity / Weight Status,Percent of adults aged 18 years and older who have obesity,,Value,33,33,,,31.5,34.4,8651,Total,,,,,,"(32.84057112200048, -86.63186076199969)",OWS,OWS1,Q036,VALUE,1,Total,Total,OVR,OVERALL
2013,2013,AL,Alabama,Behavioral Risk Factor Surveillance System,Obesity / Weight Status,Obesity / Weight Status,Percent of adults aged 18 years and older who have obesity,,Value,32.4,32.4,,,30.8,34.1,6244,Total,,,,,,"(32.84057112200048, -86.63186076199969)",OWS,OWS1,Q036,VALUE,1,Total,Total,OVR,OVERALL
2015,2015,US,National,Behavioral Risk Factor Surveillance System,Obesity / Weight Status,Obesity / Weight Status,Percent of adults aged 18 years and older who have obesity,,Value,28.9,28.9,,,28.6,29.1,398316,Total,,,,,,,OWS,OWS1,Q036,VALUE,59,Total,Total,OVR,OVERALL
2014,2014,AL,Alabama,Behavioral Risk Factor Surveillance System,Obesity / Weight Status,Obesity / Weight Status,Percent of adults aged 18 years and older who have obesity,,Value,33.5,33.5,,,32.1,35,8190,Total,,,,,,"(32.84057112200048, -86.63186076199969)",OWS,OWS1,Q036,VALUE,1,Total,Total,OVR,OVERALL
2011,2011,AK,Alaska,Behavioral Risk Factor Surveillance System,Obesity / Weight Status,Obesity / Weight Status,Percent of adults aged 18 years and older who have obesity,,Value,27.4,27.4,,,25.3,29.7,3336,Total,,,,,,"(64.84507995700051, -147.72205903599973)",OWS,OWS1,Q036,VALUE,2,Total,Total,OVR,OVERALL
2012,2012,AK,Alaska,Behavioral Risk Factor Surveillance System,Obesity / Weight Status,Obesity / Weight Status,Percent of adults aged 18 years and older who have obesity,,Value,25.7,25.7,,,23.9,27.5,4093,Total,,,,,,"(64.84507995700051, -147.72205903599973)",OWS,OWS1,Q036,VALUE,2,Total,Total,OVR,OVERALL
2013,2013,AK,Alaska,Behavioral Risk Factor Surveillance System,Obesity / Weight Status,Obesity / Weight Status,Percent of adults aged 18 years and older who have obesity,,Value,28.4,28.4,,,26.5,30.4,4396,Total,,,,,,"(64.84507995700051, -147.72205903599973)",OWS,OWS1,Q036,VALUE,2,Total,Total,OVR,OVERALL
2014,2014,AK,Alaska,Behavioral Risk Factor Surveillance System,Obesity / Weight Status,Obesity / Weight Status,Percent of adults aged 18 years and older who have obesity,,Value,29.7,29.7,,,27.8,31.7,4142,Total,,,,,,"(64.84507995700051, -147.72205903599973)",OWS,OWS1,Q036,VALUE,2,Total,Total,OVR,OVERALL
2011,2011,AZ,Arizona,Behavioral Risk Factor Surveillance System,Obesity / Weight Status,Obesity / Weight Status,Percent of adults aged 18 years and older who have obesity,,Value,25.1,25.1,,,23,27.3,6150,Total,,,,,,"(34.865970280000454, -111.76381127699972)",OWS,OWS1,Q036,VALUE,4,Total,Total,OVR,OVERALL
2012,2012,AZ,Arizona,Behavioral Risk Factor Surveillance System,Obesity / Weight Status,Obesity / Weight Status,Percent of adults aged 18 years and older who have obesity,,Value,26,26,,,24.3,27.8,6951,Total,,,,,,"(34.865970280000454, -111.76381127699972)",OWS,OWS1,Q036,VALUE,4,Total,Total,OVR,OVERALL
2013,2013,AZ,Arizona,Behavioral Risk Factor Surveillance System,Obesity / Weight Status,Obesity / Weight Status,Percent of adults aged 18 years and older who have obesity,,Value,26.8,26.8,,,24.3,29.4,4029,Total,,,,,,"(34.865970280000454, -111.76381127699972)",OWS,OWS1,Q036,VALUE,4,Total,Total,OVR,OVERALL
2014,2014,AZ,Arizona,Behavioral Risk Factor Surveillance System,Obesity / Weight Status,Obesity / Weight Status,Percent of adults aged 18 years and older who have obesity,,Value,28.9,28.9,,,27.7,30.2,13849,Total,,,,,,"(34.865970280000454, -111.76381127699972)",OWS,OWS1,Q036,VALUE,4,Total,Total,OVR,OVERALL
2011,2011,AR,Arkansas,Behavioral Risk Factor Surveillance System,Obesity / Weight Status,Obesity / Weight Status,Percent of adults aged 18 years and older who have obesity,,Value,30.9,30.9,,,28.8,33.1,4527,Total,,,,,,"(34.74865012400045, -92.27449074299966)",OWS,OWS1,Q036,VALUE,5,Total,Total,OVR,OVERALL
2012,2012,AR,Arkansas,Behavioral Risk Factor Surveillance System,Obesity / Weight Status,Obesity / Weight Status,Percent of adults aged 18 years and older who have obesity,,Value,34.5,34.5,,,32.7,36.4,4943,Total,,,,,,"(34.74865012400045, -92.27449074299966)",OWS,OWS1,Q036,VALUE,5,Total,Total,OVR,OVERALL
2013,2013,AR,Arkansas,Behavioral Risk Factor Surveillance System,Obesity / Weight Status,Obesity / Weight Status,Percent of adults aged 18 years and older who have obesity,,Value,34.6,34.6,,,32.7,36.6,5023,Total,,,,,,"(34.74865012400045, -92.27449074299966)",OWS,OWS1,Q036,VALUE,5,Total,Total,OVR,OVERALL
2014,2014,AR,Arkansas,Behavioral Risk Factor Surveillance System,Obesity / Weight Status,Obesity / Weight Status,Percent of adults aged 18 years and older who have obesity,,Value,35.9,35.9,,,33.8,38,4886,Total,,,,,,"(34.74865012400045, -92.27449074299966)",OWS,OWS1,Q036,VALUE,5,Total,Total,OVR,OVERALL
2012,2012,CA,California,Behavioral Risk Factor Surveillance System,Obesity / Weight Status,Obesity / Weight Status,Percent of adults aged 18 years and older who have obesity,,Value,25,25,,,23.9,26,13646,Total,,,,,,"(37.63864012300047, -120.99999953799971)",OWS,OWS1,Q036,VALUE,6,Total,Total,OVR,OVERALL
2011,2011,CA,California,Behavioral Risk Factor Surveillance System,Obesity / Weight Status,Obesity / Weight Status,Percent of adults aged 18 years and older who have obesity,,Value,23.8,23.8,,,22.9,24.7,17088,Total,,,,,,"(37.63864012300047, -120.99999953799971)",OWS,OWS1,Q036,VALUE,6,Total,Total,OVR,OVERALL
2013,2013,CA,California,Behavioral Risk Factor Surveillance System,Obesity / Weight Status,Obesity / Weight Status,Percent of adults aged 18 years and older who have obesity,,Value,24.1,24.1,,,23,25.3,10669,Total,,,,,,"(37.63864012300047, -120.99999953799971)",OWS,OWS1,Q036,VALUE,6,Total,Total,OVR,OVERALL
2014,2014,CA,California,Behavioral Risk Factor Surveillance System,Obesity / Weight Status,Obesity / Weight Status,Percent of adults aged 18 years and older who have obesity,,Value,24.7,24.7,,,23.5,25.9,8025,Total,,,,,,"(37.63864012300047, -120.99999953799971)",OWS,OWS1,Q036,VALUE,6,Total,Total,OVR,OVERALL
2011,2011,CO,Colorado,Behavioral Risk Factor Surveillance System,Obesity / Weight Status,Obesity / Weight Status,Percent of adults aged 18 years and older who have obesity,,Value,20.7,20.7,,,19.7,21.8,12976,Total,,,,,,"(38.843840757000464, -106.13361092099967)",OWS,OWS1,Q036,VALUE,8,Total,Total,OVR,OVERALL
2012,2012,CO,Colorado,Behavioral Risk Factor Surveillance System,Obesity / Weight Status,Obesity / Weight Status,Percent of adults aged 18 years and older who have obesity,,Value,20.5,20.5,,,19.5,21.5,11643,Total,,,,,,"(38.843840757000464, -106.13361092099967)",OWS,OWS1,Q036,VALUE,8,Total,Total,OVR,OVERALL
2013,2013,CO,Colorado,Behavioral Risk Factor Surveillance System,Obesity / Weight Status,Obesity / Weight Status,Percent of adults aged 18 years and older who have obesity,,Value,21.3,21.3,,,20.4,22.2,12920,Total,,,,,,"(38.843840757000464, -106.13361092099967)",OWS,OWS1,Q036,VALUE,8,Total,Total,OVR,OVERALL
2014,2014,CO,Colorado,Behavioral Risk Factor Surveillance System,Obesity / Weight Status,Obesity / Weight Status,Percent of adults aged 18 years and older who have obesity,,Value,21.3,21.3,,,20.4,22.2,12567,Total,,,,,,"(38.843840757000464, -106.13361092099967)",OWS,OWS1,Q036,VALUE,8,Total,Total,OVR,OVERALL
2011,2011,CT,Connecticut,Behavioral Risk Factor Surveillance System,Obesity / Weight Status,Obesity / Weight Status,Percent of adults aged 18 years and older who have obesity,,Value,24.5,24.5,,,23,26,6457,Total,,,,,,"(41.56266102000046, -72.64984095199964)",OWS,OWS1,Q036,VALUE,9,Total,Total,OVR,OVERALL
2012,2012,CT,Connecticut,Behavioral Risk Factor Surveillance System,Obesity / Weight Status,Obesity / Weight Status,Percent of adults aged 18 years and older who have obesity,,Value,25.6,25.6,,,24.3,26.9,8312,Total,,,,,,"(41.56266102000046, -72.64984095199964)",OWS,OWS1,Q036,VALUE,9,Total,Total,OVR,OVERALL
2013,2013,CT,Connecticut,Behavioral Risk Factor Surveillance System,Obesity / Weight Status,Obesity / Weight Status,Percent of adults aged 18 years and older who have obesity,,Value,25,25,,,23.5,26.4,7309,Total,,,,,,"(41.56266102000046, -72.64984095199964)",OWS,OWS1,Q036,VALUE,9,Total,Total,OVR,OVERALL
2011,2011,DE,Delaware,Behavioral Risk Factor Surveillance System,Obesity / Weight Status,Obesity / Weight Status,Percent of adults aged 18 years and older who have obesity,,Value,28.8,28.8,,,26.9,30.7,4530,Total,,,,,,"(39.008830667000495, -75.57774116799965)",OWS,OWS1,Q036,VALUE,10,Total,Total,OVR,OVERALL
2014,2014,CT,Connecticut,Behavioral Risk Factor Surveillance System,Obesity / Weight Status,Obesity / Weight Status,Percent of adults aged 18 years and older who have obesity,,Value,26.3,26.3,,,24.9,27.7,7237,Total,,,,,,"(41.56266102000046, -72.64984095199964)",OWS,OWS1,Q036,VALUE,9,Total,Total,OVR,OVERALL
2012,2012,DE,Delaware,Behavioral Risk Factor Surveillance System,Obesity / Weight Status,Obesity / Weight Status,Percent of adults aged 18 years and older who have obesity,,Value,26.9,26.9,,,25.2,28.6,4944,Total,,,,,,"(39.008830667000495, -75.57774116799965)",OWS,OWS1,Q036,VALUE,10,Total,Total,OVR,OVERALL
2013,2013,DE,Delaware,Behavioral Risk Factor Surveillance System,Obesity / Weight Status,Obesity / Weight Status,Percent of adults aged 18 years and older who have obesity,,Value,31.1,31.1,,,29.3,32.8,4893,Total,,,,,,"(39.008830667000495, -75.57774116799965)",OWS,OWS1,Q036,VALUE,10,Total,Total,OVR,OVERALL
2014,2014,DE,Delaware,Behavioral Risk Factor Surveillance System,Obesity / Weight Status,Obesity / Weight Status,Percent of adults aged 18 years and older who have obesity,,Value,30.7,30.7,,,28.6,32.8,3983,Total,,,,,,"(39.008830667000495, -75.57774116799965)",OWS,OWS1,Q036,VALUE,10,Total,Total,OVR,OVERALL
2011,2011,DC,District of Columbia,Behavioral Risk Factor Surveillance System,Obesity / Weight Status,Obesity / Weight Status,Percent of adults aged 18 years and older who have obesity,,Value,23.7,23.7,,,21.9,25.7,4368,Total,,,,,,"(38.89037138500049, -77.03196112699965)",OWS,OWS1,Q036,VALUE,11,Total,Total,OVR,OVERALL
2012,2012,DC,District of Columbia,Behavioral Risk Factor Surveillance System,Obesity / Weight Status,Obesity / Weight Status,Percent of adults aged 18 years and older who have obesity,,Value,21.9,21.9,,,19.9,24.1,3644,Total,,,,,,"(38.89037138500049, -77.03196112699965)",OWS,OWS1,Q036,VALUE,11,Total,Total,OVR,OVERALL
2013,2013,DC,District of Columbia,Behavioral Risk Factor Surveillance System,Obesity / Weight Status,Obesity / Weight Status,Percent of adults aged 18 years and older who have obesity,,Value,22.9,22.9,,,21,24.8,4705,Total,,,,,,"(38.89037138500049, -77.03196112699965)",OWS,OWS1,Q036,VALUE,11,Total,Total,OVR,OVERALL
2014,2014,DC,District of Columbia,Behavioral Risk Factor Surveillance System,Obesity / Weight Status,Obesity / Weight Status,Percent of adults aged 18 years and older who have obesity,,Value,21.7,21.7,,,19.5,24,3787,Total,,,,,,"(38.89037138500049, -77.03196112699965)",OWS,OWS1,Q036,VALUE,11,Total,Total,OVR,OVERALL
2011,2011,FL,Florida,Behavioral Risk Factor Surveillance System,Obesity / Weight Status,Obesity / Weight Status,Percent of adults aged 18 years and older who have obesity,,Value,26.6,26.6,,,25.4,27.9,11770,Total,,,,,,"(28.932040377000476, -81.92896053899966)",OWS,OWS1,Q036,VALUE,12,Total,Total,OVR,OVERALL
2012,2012,FL,Florida,Behavioral Risk Factor Surveillance System,Obesity / Weight Status,Obesity / Weight Status,Percent of adults aged 18 years and older who have obesity,,Value,25.2,25.2,,,23.7,26.8,7282,Total,,,,,,"(28.932040377000476, -81.92896053899966)",OWS,OWS1,Q036,VALUE,12,Total,Total,OVR,OVERALL
2013,2013,FL,Florida,Behavioral Risk Factor Surveillance System,Obesity / Weight Status,Obesity / Weight Status,Percent of adults aged 18 years and older who have obesity,,Value,26.4,26.4,,,25.3,27.4,32552,Total,,,,,,"(28.932040377000476, -81.92896053899966)",OWS,OWS1,Q036,VALUE,12,Total,Total,OVR,OVERALL
2014,2014,FL,Florida,Behavioral Risk Factor Surveillance System,Obesity / Weight Status,Obesity / Weight Status,Percent of adults aged 18 years and older who have obesity,,Value,26.2,26.2,,,25,27.5,9156,Total,,,,,,"(28.932040377000476, -81.92896053899966)",OWS,OWS1,Q036,VALUE,12,Total,Total,OVR,OVERALL
2011,2011,GA,Georgia,Behavioral Risk Factor Surveillance System,Obesity / Weight Status,Obesity / Weight Status,Percent of adults aged 18 years and older who have obesity,,Value,28,28,,,26.6,29.4,9353,Total,,,,,,"(32.83968109300048, -83.62758034599966)",OWS,OWS1,Q036,VALUE,13,Total,Total,OVR,OVERALL
2012,2012,GA,Georgia,Behavioral Risk Factor Surveillance System,Obesity / Weight Status,Obesity / Weight Status,Percent of adults aged 18 years and older who have obesity,,Value,29.1,29.1,,,27.5,30.8,5737,Total,,,,,,"(32.83968109300048, -83.62758034599966)",OWS,OWS1,Q036,VALUE,13,Total,Total,OVR,OVERALL
2013,2013,GA,Georgia,Behavioral Risk Factor Surveillance System,Obesity / Weight Status,Obesity / Weight Status,Percent of adults aged 18 years and older who have obesity,,Value,30.3,30.3,,,28.9,31.8,7606,Total,,,,,,"(32.83968109300048, -83.62758034599966)",OWS,OWS1,Q036,VALUE,13,Total,Total,OVR,OVERALL
2014,2014,GA,Georgia,Behavioral Risk Factor Surveillance System,Obesity / Weight Status,Obesity / Weight Status,Percent of adults aged 18 years and older who have obesity,,Value,30.5,30.5,,,28.9,32.1,5844,Total,,,,,,"(32.83968109300048, -83.62758034599966)",OWS,OWS1,Q036,VALUE,13,Total,Total,OVR,OVERALL
2014,2014,GU,Guam,Behavioral Risk Factor Surveillance System,Obesity / Weight Status,Obesity / Weight Status,Percent of adults aged 18 years and older who have obesity,,Value,28,28,,,25.6,30.5,2352,Total,,,,,,"(13.444304, 144.793731)",OWS,OWS1,Q036,VALUE,66,Total,Total,OVR,OVERALL
2011,2011,HI,Hawaii,Behavioral Risk Factor Surveillance System,Obesity / Weight Status,Obesity / Weight Status,Percent of adults aged 18 years and older who have obesity,,Value,21.8,21.8,,,20.4,23.4,7407,Total,,,,,,"(21.304850435000446, -157.85774940299973)",OWS,OWS1,Q036,VALUE,15,Total,Total,OVR,OVERALL
2012,2012,HI,Hawaii,Behavioral Risk Factor Surveillance System,Obesity / Weight Status,Obesity / Weight Status,Percent of adults aged 18 years and older who have obesity,,Value,23.6,23.6,,,22,25.2,7371,Total,,,,,,"(21.304850435000446, -157.85774940299973)",OWS,OWS1,Q036,VALUE,15,Total,Total,OVR,OVERALL
2013,2013,HI,Hawaii,Behavioral Risk Factor Surveillance System,Obesity / Weight Status,Obesity / Weight Status,Percent of adults aged 18 years and older who have obesity,,Value,21.8,21.8,,,20.4,23.2,7609,Total,,,,,,"(21.304850435000446, -157.85774940299973)",OWS,OWS1,Q036,VALUE,15,Total,Total,OVR,OVERALL
2014,2014,HI,Hawaii,Behavioral Risk Factor Surveillance System,Obesity / Weight Status,Obesity / Weight Status,Percent of adults aged 18 years and older who have obesity,,Value,22.1,22.1,,,20.7,23.5,6905,Total,,,,,,"(21.304850435000446, -157.85774940299973)",OWS,OWS1,Q036,VALUE,15,Total,Total,OVR,OVERALL
2011,2011,ID,Idaho,Behavioral Risk Factor Surveillance System,Obesity / Weight Status,Obesity / Weight Status,Percent of adults aged 18 years and older who have obesity,,Value,27,27,,,25.3,28.9,5739,Total,,,,,,"(43.682630005000476, -114.3637300419997)",OWS,OWS1,Q036,VALUE,16,Total,Total,OVR,OVERALL
2012,2012,ID,Idaho,Behavioral Risk Factor Surveillance System,Obesity / Weight Status,Obesity / Weight Status,Percent of adults aged 18 years and older who have obesity,,Value,26.8,26.8,,,24.8,28.8,5578,Total,,,,,,"(43.682630005000476, -114.3637300419997)",OWS,OWS1,Q036,VALUE,16,Total,Total,OVR,OVERALL
2013,2013,ID,Idaho,Behavioral Risk Factor Surveillance System,Obesity / Weight Status,Obesity / Weight Status,Percent of adults aged 18 years and older who have obesity,,Value,29.6,29.6,,,27.8,31.4,5315,Total,,,,,,"(43.682630005000476, -114.3637300419997)",OWS,OWS1,Q036,VALUE,16,Total,Total,OVR,OVERALL
2014,2014,ID,Idaho,Behavioral Risk Factor Surveillance System,Obesity / Weight Status,Obesity / Weight Status,Percent of adults aged 18 years and older who have obesity,,Value,28.9,28.9,,,27.1,30.8,5125,Total,,,,,,"(43.682630005000476, -114.3637300419997)",OWS,OWS1,Q036,VALUE,16,Total,Total,OVR,OVERALL
2011,2011,IL,Illinois,Behavioral Risk Factor Surveillance System,Obesity / Weight Status,Obesity / Weight Status,Percent of adults aged 18 years and older who have obesity,,Value,27.1,27.1,,,25.4,28.9,5355,Total,,,,,,"(40.48501028300046, -88.99771017799969)",OWS,OWS1,Q036,VALUE,17,Total,Total,OVR,OVERALL
2012,2012,IL,Illinois,Behavioral Risk Factor Surveillance System,Obesity / Weight Status,Obesity / Weight Status,Percent of adults aged 18 years and older who have obesity,,Value,28.1,28.1,,,26.4,29.9,5452,Total,,,,,,"(40.48501028300046, -88.99771017799969)",OWS,OWS1,Q036,VALUE,17,Total,Total,OVR,OVERALL
2013,2013,IL,Illinois,Behavioral Risk Factor Surveillance System,Obesity / Weight Status,Obesity / Weight Status,Percent of adults aged 18 years and older who have obesity,,Value,29.4,29.4,,,27.7,31.2,5490,Total,,,,,,"(40.48501028300046, -88.99771017799969)",OWS,OWS1,Q036,VALUE,17,Total,Total,OVR,OVERALL
2014,2014,IL,Illinois,Behavioral Risk Factor Surveillance System,Obesity / Weight Status,Obesity / Weight Status,Percent of adults aged 18 years and older who have obesity,,Value,29.3,29.3,,,27.6,31.1,4835,Total,,,,,,"(40.48501028300046, -88.99771017799969)",OWS,OWS1,Q036,VALUE,17,Total,Total,OVR,OVERALL
2011,2011,IN,Indiana,Behavioral Risk Factor Surveillance System,Obesity / Weight Status,Obesity / Weight Status,Percent of adults aged 18 years and older who have obesity,,Value,30.8,30.8,,,29.5,32.3,8048,Total,,,,,,"(39.766910452000445, -86.14996019399968)",OWS,OWS1,Q036,VALUE,18,Total,Total,OVR,OVERALL
2012,2012,IN,Indiana,Behavioral Risk Factor Surveillance System,Obesity / Weight Status,Obesity / Weight Status,Percent of adults aged 18 years and older who have obesity,,Value,31.4,31.4,,,30.1,32.7,8225,Total,,,,,,"(39.766910452000445, -86.14996019399968)",OWS,OWS1,Q036,VALUE,18,Total,Total,OVR,OVERALL
2013,2013,IN,Indiana,Behavioral Risk Factor Surveillance System,Obesity / Weight Status,Obesity / Weight Status,Percent of adults aged 18 years and older who have obesity,,Value,31.8,31.8,,,30.6,33.1,9770,Total,,,,,,"(39.766910452000445, -86.14996019399968)",OWS,OWS1,Q036,VALUE,18,Total,Total,OVR,OVERALL
2014,2014,IN,Indiana,Behavioral Risk Factor Surveillance System,Obesity / Weight Status,Obesity / Weight Status,Percent of adults aged 18 years and older who have obesity,,Value,32.7,32.7,,,31.6,34,10773,Total,,,,,,"(39.766910452000445, -86.14996019399968)",OWS,OWS1,Q036,VALUE,18,Total,Total,OVR,OVERALL
2011,2011,IA,Iowa,Behavioral Risk Factor Surveillance System,Obesity / Weight Status,Obesity / Weight Status,Percent of adults aged 18 years and older who have obesity,,Value,29,29,,,27.6,30.3,6898,Total,,,,,,"(42.46940091300047, -93.81649055599968)",OWS,OWS1,Q036,VALUE,19,Total,Total,OVR,OVERALL
2012,2012,IA,Iowa,Behavioral Risk Factor Surveillance System,Obesity / Weight Status,Obesity / Weight Status,Percent of adults aged 18 years and older who have obesity,,Value,30.4,30.4,,,29.1,31.8,6769,Total,,,,,,"(42.46940091300047, -93.81649055599968)",OWS,OWS1,Q036,VALUE,19,Total,Total,OVR,OVERALL
2013,2013,IA,Iowa,Behavioral Risk Factor Surveillance System,Obesity / Weight Status,Obesity / Weight Status,Percent of adults aged 18 years and older who have obesity,,Value,31.3,31.3,,,29.9,32.7,7672,Total,,,,,,"(42.46940091300047, -93.81649055599968)",OWS,OWS1,Q036,VALUE,19,Total,Total,OVR,OVERALL
2014,2014,IA,Iowa,Behavioral Risk Factor Surveillance System,Obesity / Weight Status,Obesity / Weight Status,Percent of adults aged 18 years and older who have obesity,,Value,30.9,30.9,,,29.6,32.3,7572,Total,,,,,,"(42.46940091300047, -93.81649055599968)",OWS,OWS1,Q036,VALUE,19,Total,Total,OVR,OVERALL
2011,2011,KS,Kansas,Behavioral Risk Factor Surveillance System,Obesity / Weight Status,Obesity / Weight Status,Percent of adults aged 18 years and older who have obesity,,Value,29.6,29.6,,,28.7,30.4,19619,Total,,,,,,"(38.34774030000045, -98.20078122699965)",OWS,OWS1,Q036,VALUE,20,Total,Total,OVR,OVERALL
2012,2012,KS,Kansas,Behavioral Risk Factor Surveillance System,Obesity / Weight Status,Obesity / Weight Status,Percent of adults aged 18 years and older who have obesity,,Value,29.8,29.8,,,28.7,31,11238,Total,,,,,,"(38.34774030000045, -98.20078122699965)",OWS,OWS1,Q036,VALUE,20,Total,Total,OVR,OVERALL
2013,2013,KS,Kansas,Behavioral Risk Factor Surveillance System,Obesity / Weight Status,Obesity / Weight Status,Percent of adults aged 18 years and older who have obesity,,Value,30,30,,,29.2,30.7,21991,Total,,,,,,"(38.34774030000045, -98.20078122699965)",OWS,OWS1,Q036,VALUE,20,Total,Total,OVR,OVERALL
2014,2014,KS,Kansas,Behavioral Risk Factor Surveillance System,Obesity / Weight Status,Obesity / Weight Status,Percent of adults aged 18 years and older who have obesity,,Value,31.3,31.3,,,30.3,32.2,12825,Total,,,,,,"(38.34774030000045, -98.20078122699965)",OWS,OWS1,Q036,VALUE,20,Total,Total,OVR,OVERALL
2011,2011,KY,Kentucky,Behavioral Risk Factor Surveillance System,Obesity / Weight Status,Obesity / Weight Status,Percent of adults aged 18 years and older who have obesity,,Value,30.4,30.4,,,28.9,31.9,10114,Total,,,,,,"(37.645970271000465, -84.77497104799966)",OWS,OWS1,Q036,VALUE,21,Total,Total,OVR,OVERALL
2012,2012,KY,Kentucky,Behavioral Risk Factor Surveillance System,Obesity / Weight Status,Obesity / Weight Status,Percent of adults aged 18 years and older who have obesity,,Value,31.3,31.3,,,29.9,32.7,10570,Total,,,,,,"(37.645970271000465, -84.77497104799966)",OWS,OWS1,Q036,VALUE,21,Total,Total,OVR,OVERALL
2013,2013,KY,Kentucky,Behavioral Risk Factor Surveillance System,Obesity / Weight Status,Obesity / Weight Status,Percent of adults aged 18 years and older who have obesity,,Value,33.2,33.2,,,31.8,34.6,10325,Total,,,,,,"(37.645970271000465, -84.77497104799966)",OWS,OWS1,Q036,VALUE,21,Total,Total,OVR,OVERALL
2014,2014,KY,Kentucky,Behavioral Risk Factor Surveillance System,Obesity / Weight Status,Obesity / Weight Status,Percent of adults aged 18 years and older who have obesity,,Value,31.6,31.6,,,30.2,33.1,10442,Total,,,,,,"(37.645970271000465, -84.77497104799966)",OWS,OWS1,Q036,VALUE,21,Total,Total,OVR,OVERALL
2011,2011,LA,Louisiana,Behavioral Risk Factor Surveillance System,Obesity / Weight Status,Obesity / Weight Status,Percent of adults aged 18 years and older who have obesity,,Value,33.4,33.4,,,32,34.9,10404,Total,,,,,,"(31.31266064400046, -92.44568007099969)",OWS,OWS1,Q036,VALUE,22,Total,Total,OVR,OVERALL
2012,2012,LA,Louisiana,Behavioral Risk Factor Surveillance System,Obesity / Weight Status,Obesity / Weight Status,Percent of adults aged 18 years and older who have obesity,,Value,34.7,34.7,,,33.1,36.4,8656,Total,,,,,,"(31.31266064400046, -92.44568007099969)",OWS,OWS1,Q036,VALUE,22,Total,Total,OVR,OVERALL
2013,2013,LA,Louisiana,Behavioral Risk Factor Surveillance System,Obesity / Weight Status,Obesity / Weight Status,Percent of adults aged 18 years and older who have obesity,,Value,33.1,33.1,,,31.1,35.2,5014,Total,,,,,,"(31.31266064400046, -92.44568007099969)",OWS,OWS1,Q036,VALUE,22,Total,Total,OVR,OVERALL
2014,2014,LA,Louisiana,Behavioral Risk Factor Surveillance System,Obesity / Weight Status,Obesity / Weight Status,Percent of adults aged 18 years and older who have obesity,,Value,34.9,34.9,,,33.4,36.4,6366,Total,,,,,,"(31.31266064400046, -92.44568007099969)",OWS,OWS1,Q036,VALUE,22,Total,Total,OVR,OVERALL
2011,2011,ME,Maine,Behavioral Risk Factor Surveillance System,Obesity / Weight Status,Obesity / Weight Status,Percent of adults aged 18 years and older who have obesity,,Value,27.8,27.8,,,26.8,28.9,12643,Total,,,,,,"(45.254228894000505, -68.98503133599962)",OWS,OWS1,Q036,VALUE,23,Total,Total,OVR,OVERALL
2012,2012,ME,Maine,Behavioral Risk Factor Surveillance System,Obesity / Weight Status,Obesity / Weight Status,Percent of adults aged 18 years and older who have obesity,,Value,28.3,28.3,,,27.2,29.5,9512,Total,,,,,,"(45.254228894000505, -68.98503133599962)",OWS,OWS1,Q036,VALUE,23,Total,Total,OVR,OVERALL
2013,2013,ME,Maine,Behavioral Risk Factor Surveillance System,Obesity / Weight Status,Obesity / Weight Status,Percent of adults aged 18 years and older who have obesity,,Value,28.9,28.9,,,27.5,30.2,7791,Total,,,,,,"(45.254228894000505, -68.98503133599962)",OWS,OWS1,Q036,VALUE,23,Total,Total,OVR,OVERALL
2014,2014,ME,Maine,Behavioral Risk Factor Surveillance System,Obesity / Weight Status,Obesity / Weight Status,Percent of adults aged 18 years and older who have obesity,,Value,28.2,28.2,,,26.9,29.5,8705,Total,,,,,,"(45.254228894000505, -68.98503133599962)",OWS,OWS1,Q036,VALUE,23,Total,Total,OVR,OVERALL
2011,2011,MD,Maryland,Behavioral Risk Factor Surveillance System,Obesity / Weight Status,Obesity / Weight Status,Percent of adults aged 18 years and older who have obesity,,Value,28.3,28.3,,,26.9,29.7,9450,Total,,,,,,"(39.29058096400047, -76.60926011099963)",OWS,OWS1,Q036,VALUE,24,Total,Total,OVR,OVERALL
2012,2012,MD,Maryland,Behavioral Risk Factor Surveillance System,Obesity / Weight Status,Obesity / Weight Status,Percent of adults aged 18 years and older who have obesity,,Value,27.6,27.6,,,26.3,28.9,11947,Total,,,,,,"(39.29058096400047, -76.60926011099963)",OWS,OWS1,Q036,VALUE,24,Total,Total,OVR,OVERALL
2013,2013,MD,Maryland,Behavioral Risk Factor Surveillance System,Obesity / Weight Status,Obesity / Weight Status,Percent of adults aged 18 years and older who have obesity,,Value,28.3,28.3,,,27,29.5,12169,Total,,,,,,"(39.29058096400047, -76.60926011099963)",OWS,OWS1,Q036,VALUE,24,Total,Total,OVR,OVERALL
2014,2014,MD,Maryland,Behavioral Risk Factor Surveillance System,Obesity / Weight Status,Obesity / Weight Status,Percent of adults aged 18 years and older who have obesity,,Value,29.6,29.6,,,28.1,31.1,11713,Total,,,,,,"(39.29058096400047, -76.60926011099963)",OWS,OWS1,Q036,VALUE,24,Total,Total,OVR,OVERALL
2011,2011,MA,Massachusetts,Behavioral Risk Factor Surveillance System,Obesity / Weight Status,Obesity / Weight Status,Percent of adults aged 18 years and older who have obesity,,Value,22.7,22.7,,,21.8,23.7,20532,Total,,,,,,"(42.27687047000046, -72.08269067499964)",OWS,OWS1,Q036,VALUE,25,Total,Total,OVR,OVERALL
2012,2012,MA,Massachusetts,Behavioral Risk Factor Surveillance System,Obesity / Weight Status,Obesity / Weight Status,Percent of adults aged 18 years and older who have obesity,,Value,22.9,22.9,,,22,23.8,19904,Total,,,,,,"(42.27687047000046, -72.08269067499964)",OWS,OWS1,Q036,VALUE,25,Total,Total,OVR,OVERALL
2013,2013,MA,Massachusetts,Behavioral Risk Factor Surveillance System,Obesity / Weight Status,Obesity / Weight Status,Percent of adults aged 18 years and older who have obesity,,Value,23.6,23.6,,,22.5,24.8,13883,Total,,,,,,"(42.27687047000046, -72.08269067499964)",OWS,OWS1,Q036,VALUE,25,Total,Total,OVR,OVERALL
2014,2014,MA,Massachusetts,Behavioral Risk Factor Surveillance System,Obesity / Weight Status,Obesity / Weight Status,Percent of adults aged 18 years and older who have obesity,,Value,23.3,23.3,,,22.3,24.4,14394,Total,,,,,,"(42.27687047000046, -72.08269067499964)",OWS,OWS1,Q036,VALUE,25,Total,Total,OVR,OVERALL
2011,2011,MI,Michigan,Behavioral Risk Factor Surveillance System,Obesity / Weight Status,Obesity / Weight Status,Percent of adults aged 18 years and older who have obesity,,Value,31.3,31.3,,,30,32.6,10579,Total,,,,,,"(44.6613195430005, -84.71439026999968)",OWS,OWS1,Q036,VALUE,26,Total,Total,OVR,OVERALL
2012,2012,MI,Michigan,Behavioral Risk Factor Surveillance System,Obesity / Weight Status,Obesity / Weight Status,Percent of adults aged 18 years and older who have obesity,,Value,31.1,31.1,,,29.8,32.3,10052,Total,,,,,,"(44.6613195430005, -84.71439026999968)",OWS,OWS1,Q036,VALUE,26,Total,Total,OVR,OVERALL
2013,2013,MI,Michigan,Behavioral Risk Factor Surveillance System,Obesity / Weight Status,Obesity / Weight Status,Percent of adults aged 18 years and older who have obesity,,Value,31.5,31.5,,,30.4,32.6,12177,Total,,,,,,"(44.6613195430005, -84.71439026999968)",OWS,OWS1,Q036,VALUE,26,Total,Total,OVR,OVERALL
2014,2014,MI,Michigan,Behavioral Risk Factor Surveillance System,Obesity / Weight Status,Obesity / Weight Status,Percent of adults aged 18 years and older who have obesity,,Value,30.7,30.7,,,29.4,32,8024,Total,,,,,,"(44.6613195430005, -84.71439026999968)",OWS,OWS1,Q036,VALUE,26,Total,Total,OVR,OVERALL
2011,2011,MN,Minnesota,Behavioral Risk Factor Surveillance System,Obesity / Weight Status,Obesity / Weight Status,Percent of adults aged 18 years and older who have obesity,,Value,25.7,25.7,,,24.6,26.8,14387,Total,,,,,,"(46.35564873600049, -94.79420050299967)",OWS,OWS1,Q036,VALUE,27,Total,Total,OVR,OVERALL
2013,2013,MN,Minnesota,Behavioral Risk Factor Surveillance System,Obesity / Weight Status,Obesity / Weight Status,Percent of adults aged 18 years and older who have obesity,,Value,25.5,25.5,,,24.1,26.8,13450,Total,,,,,,"(46.35564873600049, -94.79420050299967)",OWS,OWS1,Q036,VALUE,27,Total,Total,OVR,OVERALL
2012,2012,MN,Minnesota,Behavioral Risk Factor Surveillance System,Obesity / Weight Status,Obesity / Weight Status,Percent of adults aged 18 years and older who have obesity,,Value,25.7,25.7,,,24.7,26.8,11429,Total,,,,,,"(46.35564873600049, -94.79420050299967)",OWS,OWS1,Q036,VALUE,27,Total,Total,OVR,OVERALL
2013,2013,MS,Mississippi,Behavioral Risk Factor Surveillance System,Obesity / Weight Status,Obesity / Weight Status,Percent of adults aged 18 years and older who have obesity,,Value,35.1,35.1,,,33.5,36.8,7032,Total,,,,,,"(32.745510099000455, -89.53803082499968)",OWS,OWS1,Q036,VALUE,28,Total,Total,OVR,OVERALL
2014,2014,MN,Minnesota,Behavioral Risk Factor Surveillance System,Obesity / Weight Status,Obesity / Weight Status,Percent of adults aged 18 years and older who have obesity,,Value,27.6,27.6,,,26.8,28.5,15309,Total,,,,,,"(46.35564873600049, -94.79420050299967)",OWS,OWS1,Q036,VALUE,27,Total,Total,OVR,OVERALL
2011,2011,MS,Mississippi,Behavioral Risk Factor Surveillance System,Obesity / Weight Status,Obesity / Weight Status,Percent of adults aged 18 years and older who have obesity,,Value,34.9,34.9,,,33.5,36.3,8504,Total,,,,,,"(32.745510099000455, -89.53803082499968)",OWS,OWS1,Q036,VALUE,28,Total,Total,OVR,OVERALL
2012,2012,MS,Mississippi,Behavioral Risk Factor Surveillance System,Obesity / Weight Status,Obesity / Weight Status,Percent of adults aged 18 years and older who have obesity,,Value,34.6,34.6,,,33.1,36.2,7429,Total,,,,,,"(32.745510099000455, -89.53803082499968)",OWS,OWS1,Q036,VALUE,28,Total,Total,OVR,OVERALL
2011,2011,MO,Missouri,Behavioral Risk Factor Surveillance System,Obesity / Weight Status,Obesity / Weight Status,Percent of adults aged 18 years and older who have obesity,,Value,30.3,30.3,,,28.6,32,6095,Total,,,,,,"(38.635790776000476, -92.56630005299968)",OWS,OWS1,Q036,VALUE,29,Total,Total,OVR,OVERALL
2014,2014,MS,Mississippi,Behavioral Risk Factor Surveillance System,Obesity / Weight Status,Obesity / Weight Status,Percent of adults aged 18 years and older who have obesity,,Value,35.5,35.5,,,33.4,37.6,3975,Total,,,,,,"(32.745510099000455, -89.53803082499968)",OWS,OWS1,Q036,VALUE,28,Total,Total,OVR,OVERALL
2012,2012,MO,Missouri,Behavioral Risk Factor Surveillance System,Obesity / Weight Status,Obesity / Weight Status,Percent of adults aged 18 years and older who have obesity,,Value,29.6,29.6,,,28,31.2,6446,Total,,,,,,"(38.635790776000476, -92.56630005299968)",OWS,OWS1,Q036,VALUE,29,Total,Total,OVR,OVERALL
2013,2013,MO,Missouri,Behavioral Risk Factor Surveillance System,Obesity / Weight Status,Obesity / Weight Status,Percent of adults aged 18 years and older who have obesity,,Value,30.4,30.4,,,28.8,32.1,6783,Total,,,,,,"(38.635790776000476, -92.56630005299968)",OWS,OWS1,Q036,VALUE,29,Total,Total,OVR,OVERALL
2014,2014,MO,Missouri,Behavioral Risk Factor Surveillance System,Obesity / Weight Status,Obesity / Weight Status,Percent of adults aged 18 years and older who have obesity,,Value,30.2,30.2,,,28.6,31.9,6695,Total,,,,,,"(38.635790776000476, -92.56630005299968)",OWS,OWS1,Q036,VALUE,29,Total,Total,OVR,OVERALL
2011,2011,MT,Montana,Behavioral Risk Factor Surveillance System,Obesity / Weight Status,Obesity / Weight Status,Percent of adults aged 18 years and older who have obesity,,Value,24.6,24.6,,,23.3,26,9882,Total,,,,,,"(47.06652897200047, -109.42442064499971)",OWS,OWS1,Q036,VALUE,30,Total,Total,OVR,OVERALL
2012,2012,MT,Montana,Behavioral Risk Factor Surveillance System,Obesity / Weight Status,Obesity / Weight Status,Percent of adults aged 18 years and older who have obesity,,Value,24.3,24.3,,,23.1,25.5,8357,Total,,,,,,"(47.06652897200047, -109.42442064499971)",OWS,OWS1,Q036,VALUE,30,Total,Total,OVR,OVERALL
2013,2013,MT,Montana,Behavioral Risk Factor Surveillance System,Obesity / Weight Status,Obesity / Weight Status,Percent of adults aged 18 years and older who have obesity,,Value,24.6,24.6,,,23.4,25.8,9323,Total,,,,,,"(47.06652897200047, -109.42442064499971)",OWS,OWS1,Q036,VALUE,30,Total,Total,OVR,OVERALL
2014,2014,MT,Montana,Behavioral Risk Factor Surveillance System,Obesity / Weight Status,Obesity / Weight Status,Percent of adults aged 18 years and older who have obesity,,Value,26.4,26.4,,,24.9,27.9,7064,Total,,,,,,"(47.06652897200047, -109.42442064499971)",OWS,OWS1,Q036,VALUE,30,Total,Total,OVR,OVERALL
2011,2011,US,National,Behavioral Risk Factor Surveillance System,Obesity / Weight Status,Obesity / Weight Status,Percent of adults aged 18 years and older who have obesity,,Value,27.4,27.4,,,27.2,27.7,470700,Total,,,,,,,OWS,OWS1,Q036,VALUE,59,Total,Total,OVR,OVERALL
2012,2012,US,National,Behavioral Risk Factor Surveillance System,Obesity / Weight Status,Obesity / Weight Status,Percent of adults aged 18 years and older who have obesity,,Value,27.7,27.7,,,27.4,28,442230,Total,,,,,,,OWS,OWS1,Q036,VALUE,59,Total,Total,OVR,OVERALL
2013,2013,US,National,Behavioral Risk Factor Surveillance System,Obesity / Weight Status,Obesity / Weight Status,Percent of adults aged 18 years and older who have obesity,,Value,28.3,28.3,,,28,28.6,457487,Total,,,,,,,OWS,OWS1,Q036,VALUE,59,Total,Total,OVR,OVERALL
2014,2014,US,National,Behavioral Risk Factor Surveillance System,Obesity / Weight Status,Obesity / Weight Status,Percent of adults aged 18 years and older who have obesity,,Value,28.9,28.9,,,28.6,29.2,425875,Total,,,,,,,OWS,OWS1,Q036,VALUE,59,Total,Total,OVR,OVERALL
2011,2011,NE,Nebraska,Behavioral Risk Factor Surveillance System,Obesity / Weight Status,Obesity / Weight Status,Percent of adults aged 18 years and older who have obesity,,Value,28.4,28.4,,,27.6,29.2,24366,Total,,,,,,"(41.6410409880005, -99.36572062299967)",OWS,OWS1,Q036,VALUE,31,Total,Total,OVR,OVERALL
2012,2012,NE,Nebraska,Behavioral Risk Factor Surveillance System,Obesity / Weight Status,Obesity / Weight Status,Percent of adults aged 18 years and older who have obesity,,Value,28.6,28.6,,,27.7,29.6,18385,Total,,,,,,"(41.6410409880005, -99.36572062299967)",OWS,OWS1,Q036,VALUE,31,Total,Total,OVR,OVERALL
2013,2013,NE,Nebraska,Behavioral Risk Factor Surveillance System,Obesity / Weight Status,Obesity / Weight Status,Percent of adults aged 18 years and older who have obesity,,Value,29.6,29.6,,,28.4,30.7,16250,Total,,,,,,"(41.6410409880005, -99.36572062299967)",OWS,OWS1,Q036,VALUE,31,Total,Total,OVR,OVERALL
2014,2014,NE,Nebraska,Behavioral Risk Factor Surveillance System,Obesity / Weight Status,Obesity / Weight Status,Percent of adults aged 18 years and older who have obesity,,Value,30.2,30.2,,,29.2,31.3,21130,Total,,,,,,"(41.6410409880005, -99.36572062299967)",OWS,OWS1,Q036,VALUE,31,Total,Total,OVR,OVERALL
2011,2011,NV,Nevada,Behavioral Risk Factor Surveillance System,Obesity / Weight Status,Obesity / Weight Status,Percent of adults aged 18 years and older who have obesity,,Value,24.5,24.5,,,22.5,26.6,5205,Total,,,,,,"(39.493240390000494, -117.07184056399967)",OWS,OWS1,Q036,VALUE,32,Total,Total,OVR,OVERALL
2012,2012,NV,Nevada,Behavioral Risk Factor Surveillance System,Obesity / Weight Status,Obesity / Weight Status,Percent of adults aged 18 years and older who have obesity,,Value,26.2,26.2,,,24.3,28.2,4592,Total,,,,,,"(39.493240390000494, -117.07184056399967)",OWS,OWS1,Q036,VALUE,32,Total,Total,OVR,OVERALL
2013,2013,NV,Nevada,Behavioral Risk Factor Surveillance System,Obesity / Weight Status,Obesity / Weight Status,Percent of adults aged 18 years and older who have obesity,,Value,26.2,26.2,,,24,28.6,4871,Total,,,,,,"(39.493240390000494, -117.07184056399967)",OWS,OWS1,Q036,VALUE,32,Total,Total,OVR,OVERALL
2014,2014,NV,Nevada,Behavioral Risk Factor Surveillance System,Obesity / Weight Status,Obesity / Weight Status,Percent of adults aged 18 years and older who have obesity,,Value,27.7,27.7,,,25.4,30.1,3555,Total,,,,,,"(39.493240390000494, -117.07184056399967)",OWS,OWS1,Q036,VALUE,32,Total,Total,OVR,OVERALL
2011,2011,NH,New Hampshire,Behavioral Risk Factor Surveillance System,Obesity / Weight Status,Obesity / Weight Status,Percent of adults aged 18 years and older who have obesity,,Value,26.2,26.2,,,24.7,27.7,6049,Total,,,,,,"(43.65595011300047, -71.50036091999965)",OWS,OWS1,Q036,VALUE,33,Total,Total,OVR,OVERALL
2012,2012,NH,New Hampshire,Behavioral Risk Factor Surveillance System,Obesity / Weight Status,Obesity / Weight Status,Percent of adults aged 18 years and older who have obesity,,Value,27.3,27.3,,,25.8,28.8,7182,Total,,,,,,"(43.65595011300047, -71.50036091999965)",OWS,OWS1,Q036,VALUE,33,Total,Total,OVR,OVERALL
2013,2013,NH,New Hampshire,Behavioral Risk Factor Surveillance System,Obesity / Weight Status,Obesity / Weight Status,Percent of adults aged 18 years and older who have obesity,,Value,26.7,26.7,,,25.3,28.3,6141,Total,,,,,,"(43.65595011300047, -71.50036091999965)",OWS,OWS1,Q036,VALUE,33,Total,Total,OVR,OVERALL
2014,2014,NH,New Hampshire,Behavioral Risk Factor Surveillance System,Obesity / Weight Status,Obesity / Weight Status,Percent of adults aged 18 years and older who have obesity,,Value,27.4,27.4,,,25.8,29.1,5730,Total,,,,,,"(43.65595011300047, -71.50036091999965)",OWS,OWS1,Q036,VALUE,33,Total,Total,OVR,OVERALL
2011,2011,NJ,New Jersey,Behavioral Risk Factor Surveillance System,Obesity / Weight Status,Obesity / Weight Status,Percent of adults aged 18 years and older who have obesity,,Value,23.7,23.7,,,22.7,24.8,14130,Total,,,,,,"(40.13057004800049, -74.27369128799967)",OWS,OWS1,Q036,VALUE,34,Total,Total,OVR,OVERALL
2012,2012,NJ,New Jersey,Behavioral Risk Factor Surveillance System,Obesity / Weight Status,Obesity / Weight Status,Percent of adults aged 18 years and older who have obesity,,Value,24.6,24.6,,,23.6,25.6,14477,Total,,,,,,"(40.13057004800049, -74.27369128799967)",OWS,OWS1,Q036,VALUE,34,Total,Total,OVR,OVERALL
2013,2013,NJ,New Jersey,Behavioral Risk Factor Surveillance System,Obesity / Weight Status,Obesity / Weight Status,Percent of adults aged 18 years and older who have obesity,,Value,26.3,26.3,,,25.1,27.5,12256,Total,,,,,,"(40.13057004800049, -74.27369128799967)",OWS,OWS1,Q036,VALUE,34,Total,Total,OVR,OVERALL
2014,2014,NJ,New Jersey,Behavioral Risk Factor Surveillance System,Obesity / Weight Status,Obesity / Weight Status,Percent of adults aged 18 years and older who have obesity,,Value,26.9,26.9,,,25.7,28.1,11955,Total,,,,,,"(40.13057004800049, -74.27369128799967)",OWS,OWS1,Q036,VALUE,34,Total,Total,OVR,OVERALL
2011,2011,NM,New Mexico,Behavioral Risk Factor Surveillance System,Obesity / Weight Status,Obesity / Weight Status,Percent of adults aged 18 years and older who have obesity,,Value,26.3,26.3,,,25.1,27.6,8981,Total,,,,,,"(34.52088095200048, -106.24058098499967)",OWS,OWS1,Q036,VALUE,35,Total,Total,OVR,OVERALL
2012,2012,NM,New Mexico,Behavioral Risk Factor Surveillance System,Obesity / Weight Status,Obesity / Weight Status,Percent of adults aged 18 years and older who have obesity,,Value,27.1,27.1,,,25.9,28.3,8385,Total,,,,,,"(34.52088095200048, -106.24058098499967)",OWS,OWS1,Q036,VALUE,35,Total,Total,OVR,OVERALL
2013,2013,NM,New Mexico,Behavioral Risk Factor Surveillance System,Obesity / Weight Status,Obesity / Weight Status,Percent of adults aged 18 years and older who have obesity,,Value,26.4,26.4,,,25.1,27.7,8914,Total,,,,,,"(34.52088095200048, -106.24058098499967)",OWS,OWS1,Q036,VALUE,35,Total,Total,OVR,OVERALL
2014,2014,NM,New Mexico,Behavioral Risk Factor Surveillance System,Obesity / Weight Status,Obesity / Weight Status,Percent of adults aged 18 years and older who have obesity,,Value,28.4,28.4,,,27,30,8284,Total,,,,,,"(34.52088095200048, -106.24058098499967)",OWS,OWS1,Q036,VALUE,35,Total,Total,OVR,OVERALL
2011,2011,NY,New York,Behavioral Risk Factor Surveillance System,Obesity / Weight Status,Obesity / Weight Status,Percent of adults aged 18 years and older who have obesity,,Value,24.5,24.5,,,23.2,25.9,7222,Total,,,,,,"(42.82700103200045, -75.54397042699964)",OWS,OWS1,Q036,VALUE,36,Total,Total,OVR,OVERALL
2012,2012,NY,New York,Behavioral Risk Factor Surveillance System,Obesity / Weight Status,Obesity / Weight Status,Percent of adults aged 18 years and older who have obesity,,Value,23.6,23.6,,,22.1,25.1,5700,Total,,,,,,"(42.82700103200045, -75.54397042699964)",OWS,OWS1,Q036,VALUE,36,Total,Total,OVR,OVERALL
2013,2013,NY,New York,Behavioral Risk Factor Surveillance System,Obesity / Weight Status,Obesity / Weight Status,Percent of adults aged 18 years and older who have obesity,,Value,25.4,25.4,,,24.2,26.6,8465,Total,,,,,,"(42.82700103200045, -75.54397042699964)",OWS,OWS1,Q036,VALUE,36,Total,Total,OVR,OVERALL
2014,2014,NY,New York,Behavioral Risk Factor Surveillance System,Obesity / Weight Status,Obesity / Weight Status,Percent of adults aged 18 years and older who have obesity,,Value,27,27,,,25.6,28.5,6325,Total,,,,,,"(42.82700103200045, -75.54397042699964)",OWS,OWS1,Q036,VALUE,36,Total,Total,OVR,OVERALL
2011,2011,NC,North Carolina,Behavioral Risk Factor Surveillance System,Obesity / Weight Status,Obesity / Weight Status,Percent of adults aged 18 years and older who have obesity,,Value,29.1,29.1,,,27.7,30.6,10790,Total,,,,,,"(35.466220975000454, -79.15925046299964)",OWS,OWS1,Q036,VALUE,37,Total,Total,OVR,OVERALL
2012,2012,NC,North Carolina,Behavioral Risk Factor Surveillance System,Obesity / Weight Status,Obesity / Weight Status,Percent of adults aged 18 years and older who have obesity,,Value,29.6,29.6,,,28.5,30.7,11113,Total,,,,,,"(35.466220975000454, -79.15925046299964)",OWS,OWS1,Q036,VALUE,37,Total,Total,OVR,OVERALL
2013,2013,NC,North Carolina,Behavioral Risk Factor Surveillance System,Obesity / Weight Status,Obesity / Weight Status,Percent of adults aged 18 years and older who have obesity,,Value,29.4,29.4,,,28.1,30.7,8292,Total,,,,,,"(35.466220975000454, -79.15925046299964)",OWS,OWS1,Q036,VALUE,37,Total,Total,OVR,OVERALL
2014,2014,NC,North Carolina,Behavioral Risk Factor Surveillance System,Obesity / Weight Status,Obesity / Weight Status,Percent of adults aged 18 years and older who have obesity,,Value,29.7,29.7,,,28.4,31,6621,Total,,,,,,"(35.466220975000454, -79.15925046299964)",OWS,OWS1,Q036,VALUE,37,Total,Total,OVR,OVERALL
2011,2011,ND,North Dakota,Behavioral Risk Factor Surveillance System,Obesity / Weight Status,Obesity / Weight Status,Percent of adults aged 18 years and older who have obesity,,Value,27.8,27.8,,,26.3,29.4,4982,Total,,,,,,"(47.47531977900047, -100.11842104899966)",OWS,OWS1,Q036,VALUE,38,Total,Total,OVR,OVERALL
2012,2012,ND,North Dakota,Behavioral Risk Factor Surveillance System,Obesity / Weight Status,Obesity / Weight Status,Percent of adults aged 18 years and older who have obesity,,Value,29.7,29.7,,,27.9,31.4,4625,Total,,,,,,"(47.47531977900047, -100.11842104899966)",OWS,OWS1,Q036,VALUE,38,Total,Total,OVR,OVERALL
2013,2013,ND,North Dakota,Behavioral Risk Factor Surveillance System,Obesity / Weight Status,Obesity / Weight Status,Percent of adults aged 18 years and older who have obesity,,Value,31,31,,,29.5,32.5,7413,Total,,,,,,"(47.47531977900047, -100.11842104899966)",OWS,OWS1,Q036,VALUE,38,Total,Total,OVR,OVERALL
2014,2014,ND,North Dakota,Behavioral Risk Factor Surveillance System,Obesity / Weight Status,Obesity / Weight Status,Percent of adults aged 18 years and older who have obesity,,Value,32.2,32.2,,,30.5,34,7269,Total,,,,,,"(47.47531977900047, -100.11842104899966)",OWS,OWS1,Q036,VALUE,38,Total,Total,OVR,OVERALL
2011,2011,OH,Ohio,Behavioral Risk Factor Surveillance System,Obesity / Weight Status,Obesity / Weight Status,Percent of adults aged 18 years and older who have obesity,,Value,29.6,29.6,,,28.3,31,9339,Total,,,,,,"(40.06021014100048, -82.40426005599966)",OWS,OWS1,Q036,VALUE,39,Total,Total,OVR,OVERALL
2012,2012,OH,Ohio,Behavioral Risk Factor Surveillance System,Obesity / Weight Status,Obesity / Weight Status,Percent of adults aged 18 years and older who have obesity,,Value,30.1,30.1,,,29,31.2,12319,Total,,,,,,"(40.06021014100048, -82.40426005599966)",OWS,OWS1,Q036,VALUE,39,Total,Total,OVR,OVERALL
2013,2013,OH,Ohio,Behavioral Risk Factor Surveillance System,Obesity / Weight Status,Obesity / Weight Status,Percent of adults aged 18 years and older who have obesity,,Value,30.4,30.4,,,29.2,31.6,11260,Total,,,,,,"(40.06021014100048, -82.40426005599966)",OWS,OWS1,Q036,VALUE,39,Total,Total,OVR,OVERALL
2014,2014,OH,Ohio,Behavioral Risk Factor Surveillance System,Obesity / Weight Status,Obesity / Weight Status,Percent of adults aged 18 years and older who have obesity,,Value,32.6,32.6,,,31.2,34.1,10313,Total,,,,,,"(40.06021014100048, -82.40426005599966)",OWS,OWS1,Q036,VALUE,39,Total,Total,OVR,OVERALL
2011,2011,OK,Oklahoma,Behavioral Risk Factor Surveillance System,Obesity / Weight Status,Obesity / Weight Status,Percent of adults aged 18 years and older who have obesity,,Value,31.1,31.1,,,29.7,32.5,8159,Total,,,,,,"(35.47203135600046, -97.52107021399968)",OWS,OWS1,Q036,VALUE,40,Total,Total,OVR,OVERALL
2012,2012,OK,Oklahoma,Behavioral Risk Factor Surveillance System,Obesity / Weight Status,Obesity / Weight Status,Percent of adults aged 18 years and older who have obesity,,Value,32.2,32.2,,,30.8,33.6,7719,Total,,,,,,"(35.47203135600046, -97.52107021399968)",OWS,OWS1,Q036,VALUE,40,Total,Total,OVR,OVERALL
2013,2013,OK,Oklahoma,Behavioral Risk Factor Surveillance System,Obesity / Weight Status,Obesity / Weight Status,Percent of adults aged 18 years and older who have obesity,,Value,32.5,32.5,,,31.2,33.9,7875,Total,,,,,,"(35.47203135600046, -97.52107021399968)",OWS,OWS1,Q036,VALUE,40,Total,Total,OVR,OVERALL
2014,2014,OK,Oklahoma,Behavioral Risk Factor Surveillance System,Obesity / Weight Status,Obesity / Weight Status,Percent of adults aged 18 years and older who have obesity,,Value,33,33,,,31.7,34.3,8009,Total,,,,,,"(35.47203135600046, -97.52107021399968)",OWS,OWS1,Q036,VALUE,40,Total,Total,OVR,OVERALL
2011,2011,OR,Oregon,Behavioral Risk Factor Surveillance System,Obesity / Weight Status,Obesity / Weight Status,Percent of adults aged 18 years and older who have obesity,,Value,26.7,26.7,,,25.2,28.3,5959,Total,,,,,,"(44.56744942400047, -120.15503132599969)",OWS,OWS1,Q036,VALUE,41,Total,Total,OVR,OVERALL
2012,2012,OR,Oregon,Behavioral Risk Factor Surveillance System,Obesity / Weight Status,Obesity / Weight Status,Percent of adults aged 18 years and older who have obesity,,Value,27.3,27.3,,,25.7,29,5056,Total,,,,,,"(44.56744942400047, -120.15503132599969)",OWS,OWS1,Q036,VALUE,41,Total,Total,OVR,OVERALL
2013,2013,OR,Oregon,Behavioral Risk Factor Surveillance System,Obesity / Weight Status,Obesity / Weight Status,Percent of adults aged 18 years and older who have obesity,,Value,26.5,26.5,,,24.9,28.1,5668,Total,,,,,,"(44.56744942400047, -120.15503132599969)",OWS,OWS1,Q036,VALUE,41,Total,Total,OVR,OVERALL
2014,2014,OR,Oregon,Behavioral Risk Factor Surveillance System,Obesity / Weight Status,Obesity / Weight Status,Percent of adults aged 18 years and older who have obesity,,Value,27.9,27.9,,,26.3,29.6,4919,Total,,,,,,"(44.56744942400047, -120.15503132599969)",OWS,OWS1,Q036,VALUE,41,Total,Total,OVR,OVERALL
2011,2011,PA,Pennsylvania,Behavioral Risk Factor Surveillance System,Obesity / Weight Status,Obesity / Weight Status,Percent of adults aged 18 years and older who have obesity,,Value,28.6,28.6,,,27.3,29.8,10850,Total,,,,,,"(40.79373015200048, -77.86070029399963)",OWS,OWS1,Q036,VALUE,42,Total,Total,OVR,OVERALL
2012,2012,PA,Pennsylvania,Behavioral Risk Factor Surveillance System,Obesity / Weight Status,Obesity / Weight Status,Percent of adults aged 18 years and older who have obesity,,Value,29.1,29.1,,,28.1,30.1,18893,Total,,,,,,"(40.79373015200048, -77.86070029399963)",OWS,OWS1,Q036,VALUE,42,Total,Total,OVR,OVERALL
2013,2013,PA,Pennsylvania,Behavioral Risk Factor Surveillance System,Obesity / Weight Status,Obesity / Weight Status,Percent of adults aged 18 years and older who have obesity,,Value,30,30,,,28.9,31.2,10857,Total,,,,,,"(40.79373015200048, -77.86070029399963)",OWS,OWS1,Q036,VALUE,42,Total,Total,OVR,OVERALL
2014,2014,PA,Pennsylvania,Behavioral Risk Factor Surveillance System,Obesity / Weight Status,Obesity / Weight Status,Percent of adults aged 18 years and older who have obesity,,Value,30.2,30.2,,,28.9,31.4,10374,Total,,,,,,"(40.79373015200048, -77.86070029399963)",OWS,OWS1,Q036,VALUE,42,Total,Total,OVR,OVERALL
2013,2013,PR,Puerto Rico,Behavioral Risk Factor Surveillance System,Obesity / Weight Status,Obesity / Weight Status,Percent of adults aged 18 years and older who have obesity,,Value,27.9,27.9,,,26.4,29.5,5762,Total,,,,,,"(18.220833, -66.590149)",OWS,OWS1,Q036,VALUE,72,Total,Total,OVR,OVERALL
2014,2014,PR,Puerto Rico,Behavioral Risk Factor Surveillance System,Obesity / Weight Status,Obesity / Weight Status,Percent of adults aged 18 years and older who have obesity,,Value,28.3,28.3,,,26.8,29.8,5743,Total,,,,,,"(18.220833, -66.590149)",OWS,OWS1,Q036,VALUE,72,Total,Total,OVR,OVERALL
2011,2011,RI,Rhode Island,Behavioral Risk Factor Surveillance System,Obesity / Weight Status,Obesity / Weight Status,Percent of adults aged 18 years and older who have obesity,,Value,25.4,25.4,,,23.9,27,6182,Total,,,,,,"(41.70828019300046, -71.52247031399963)",OWS,OWS1,Q036,VALUE,44,Total,Total,OVR,OVERALL
2012,2012,RI,Rhode Island,Behavioral Risk Factor Surveillance System,Obesity / Weight Status,Obesity / Weight Status,Percent of adults aged 18 years and older who have obesity,,Value,25.7,25.7,,,24.2,27.4,5188,Total,,,,,,"(41.70828019300046, -71.52247031399963)",OWS,OWS1,Q036,VALUE,44,Total,Total,OVR,OVERALL
2013,2013,RI,Rhode Island,Behavioral Risk Factor Surveillance System,Obesity / Weight Status,Obesity / Weight Status,Percent of adults aged 18 years and older who have obesity,,Value,27.3,27.3,,,25.8,28.8,6191,Total,,,,,,"(41.70828019300046, -71.52247031399963)",OWS,OWS1,Q036,VALUE,44,Total,Total,OVR,OVERALL
2014,2014,RI,Rhode Island,Behavioral Risk Factor Surveillance System,Obesity / Weight Status,Obesity / Weight Status,Percent of adults aged 18 years and older who have obesity,,Value,27,27,,,25.4,28.6,5969,Total,,,,,,"(41.70828019300046, -71.52247031399963)",OWS,OWS1,Q036,VALUE,44,Total,Total,OVR,OVERALL
2011,2011,SC,South Carolina,Behavioral Risk Factor Surveillance System,Obesity / Weight Status,Obesity / Weight Status,Percent of adults aged 18 years and older who have obesity,,Value,30.8,30.8,,,29.6,32.1,12352,Total,,,,,,"(33.998821303000454, -81.04537120699968)",OWS,OWS1,Q036,VALUE,45,Total,Total,OVR,OVERALL
2012,2012,SC,South Carolina,Behavioral Risk Factor Surveillance System,Obesity / Weight Status,Obesity / Weight Status,Percent of adults aged 18 years and older who have obesity,,Value,31.6,31.6,,,30.4,32.8,12210,Total,,,,,,"(33.998821303000454, -81.04537120699968)",OWS,OWS1,Q036,VALUE,45,Total,Total,OVR,OVERALL
2013,2013,SC,South Carolina,Behavioral Risk Factor Surveillance System,Obesity / Weight Status,Obesity / Weight Status,Percent of adults aged 18 years and older who have obesity,,Value,31.7,31.7,,,30.5,33.1,10227,Total,,,,,,"(33.998821303000454, -81.04537120699968)",OWS,OWS1,Q036,VALUE,45,Total,Total,OVR,OVERALL
2014,2014,SC,South Carolina,Behavioral Risk Factor Surveillance System,Obesity / Weight Status,Obesity / Weight Status,Percent of adults aged 18 years and older who have obesity,,Value,32.1,32.1,,,30.9,33.3,10393,Total,,,,,,"(33.998821303000454, -81.04537120699968)",OWS,OWS1,Q036,VALUE,45,Total,Total,OVR,OVERALL
2011,2011,SD,South Dakota,Behavioral Risk Factor Surveillance System,Obesity / Weight Status,Obesity / Weight Status,Percent of adults aged 18 years and older who have obesity,,Value,28.1,28.1,,,26.3,30.1,7820,Total,,,,,,"(44.353130053000484, -100.3735306369997)",OWS,OWS1,Q036,VALUE,46,Total,Total,OVR,OVERALL
2012,2012,SD,South Dakota,Behavioral Risk Factor Surveillance System,Obesity / Weight Status,Obesity / Weight Status,Percent of adults aged 18 years and older who have obesity,,Value,28.1,28.1,,,26.5,29.8,7433,Total,,,,,,"(44.353130053000484, -100.3735306369997)",OWS,OWS1,Q036,VALUE,46,Total,Total,OVR,OVERALL
2014,2014,SD,South Dakota,Behavioral Risk Factor Surveillance System,Obesity / Weight Status,Obesity / Weight Status,Percent of adults aged 18 years and older who have obesity,,Value,29.8,29.8,,,27.9,31.8,6960,Total,,,,,,"(44.353130053000484, -100.3735306369997)",OWS,OWS1,Q036,VALUE,46,Total,Total,OVR,OVERALL
2013,2013,SD,South Dakota,Behavioral Risk Factor Surveillance System,Obesity / Weight Status,Obesity / Weight Status,Percent of adults aged 18 years and older who have obesity,,Value,29.9,29.9,,,28,31.8,6531,Total,,,,,,"(44.353130053000484, -100.3735306369997)",OWS,OWS1,Q036,VALUE,46,Total,Total,OVR,OVERALL
2011,2011,TN,Tennessee,Behavioral Risk Factor Surveillance System,Obesity / Weight Status,Obesity / Weight Status,Percent of adults aged 18 years and older who have obesity,,Value,29.2,29.2,,,26.8,31.7,5575,Total,,,,,,"(35.68094058000048, -85.77449091399967)",OWS,OWS1,Q036,VALUE,47,Total,Total,OVR,OVERALL
2012,2012,TN,Tennessee,Behavioral Risk Factor Surveillance System,Obesity / Weight Status,Obesity / Weight Status,Percent of adults aged 18 years and older who have obesity,,Value,31.1,31.1,,,29.6,32.7,6613,Total,,,,,,"(35.68094058000048, -85.77449091399967)",OWS,OWS1,Q036,VALUE,47,Total,Total,OVR,OVERALL
2013,2013,TN,Tennessee,Behavioral Risk Factor Surveillance System,Obesity / Weight Status,Obesity / Weight Status,Percent of adults aged 18 years and older who have obesity,,Value,33.7,33.7,,,31.9,35.5,5452,Total,,,,,,"(35.68094058000048, -85.77449091399967)",OWS,OWS1,Q036,VALUE,47,Total,Total,OVR,OVERALL
2014,2014,TN,Tennessee,Behavioral Risk Factor Surveillance System,Obesity / Weight Status,Obesity / Weight Status,Percent of adults aged 18 years and older who have obesity,,Value,31.2,31.2,,,29.3,33.2,4793,Total,,,,,,"(35.68094058000048, -85.77449091399967)",OWS,OWS1,Q036,VALUE,47,Total,Total,OVR,OVERALL
2011,2011,TX,Texas,Behavioral Risk Factor Surveillance System,Obesity / Weight Status,Obesity / Weight Status,Percent of adults aged 18 years and older who have obesity,,Value,30.4,30.4,,,29.1,31.8,14024,Total,,,,,,"(31.827240407000488, -99.42677020599967)",OWS,OWS1,Q036,VALUE,48,Total,Total,OVR,OVERALL
2012,2012,TX,Texas,Behavioral Risk Factor Surveillance System,Obesity / Weight Status,Obesity / Weight Status,Percent of adults aged 18 years and older who have obesity,,Value,29.2,29.2,,,27.9,30.6,8530,Total,,,,,,"(31.827240407000488, -99.42677020599967)",OWS,OWS1,Q036,VALUE,48,Total,Total,OVR,OVERALL
2013,2013,TX,Texas,Behavioral Risk Factor Surveillance System,Obesity / Weight Status,Obesity / Weight Status,Percent of adults aged 18 years and older who have obesity,,Value,30.9,30.9,,,29.5,32.3,10085,Total,,,,,,"(31.827240407000488, -99.42677020599967)",OWS,OWS1,Q036,VALUE,48,Total,Total,OVR,OVERALL
2014,2014,TX,Texas,Behavioral Risk Factor Surveillance System,Obesity / Weight Status,Obesity / Weight Status,Percent of adults aged 18 years and older who have obesity,,Value,31.9,31.9,,,30.6,33.3,14058,Total,,,,,,"(31.827240407000488, -99.42677020599967)",OWS,OWS1,Q036,VALUE,48,Total,Total,OVR,OVERALL
2011,2011,UT,Utah,Behavioral Risk Factor Surveillance System,Obesity / Weight Status,Obesity / Weight Status,Percent of adults aged 18 years and older who have obesity,,Value,24.4,24.4,,,23.4,25.5,11918,Total,,,,,,"(39.360700171000474, -111.58713063499971)",OWS,OWS1,Q036,VALUE,49,Total,Total,OVR,OVERALL
2012,2012,UT,Utah,Behavioral Risk Factor Surveillance System,Obesity / Weight Status,Obesity / Weight Status,Percent of adults aged 18 years and older who have obesity,,Value,24.3,24.3,,,23.3,25.3,11683,Total,,,,,,"(39.360700171000474, -111.58713063499971)",OWS,OWS1,Q036,VALUE,49,Total,Total,OVR,OVERALL
2013,2013,UT,Utah,Behavioral Risk Factor Surveillance System,Obesity / Weight Status,Obesity / Weight Status,Percent of adults aged 18 years and older who have obesity,,Value,24.1,24.1,,,23.2,25.1,12027,Total,,,,,,"(39.360700171000474, -111.58713063499971)",OWS,OWS1,Q036,VALUE,49,Total,Total,OVR,OVERALL
2014,2014,UT,Utah,Behavioral Risk Factor Surveillance System,Obesity / Weight Status,Obesity / Weight Status,Percent of adults aged 18 years and older who have obesity,,Value,25.7,25.7,,,24.9,26.6,13965,Total,,,,,,"(39.360700171000474, -111.58713063499971)",OWS,OWS1,Q036,VALUE,49,Total,Total,OVR,OVERALL
2011,2011,VT,Vermont,Behavioral Risk Factor Surveillance System,Obesity / Weight Status,Obesity / Weight Status,Percent of adults aged 18 years and older who have obesity,,Value,25.4,25.4,,,24.1,26.8,6771,Total,,,,,,"(43.62538123900049, -72.51764079099962)",OWS,OWS1,Q036,VALUE,50,Total,Total,OVR,OVERALL
2012,2012,VT,Vermont,Behavioral Risk Factor Surveillance System,Obesity / Weight Status,Obesity / Weight Status,Percent of adults aged 18 years and older who have obesity,,Value,23.7,23.7,,,22.3,25.2,5791,Total,,,,,,"(43.62538123900049, -72.51764079099962)",OWS,OWS1,Q036,VALUE,50,Total,Total,OVR,OVERALL
2013,2013,VT,Vermont,Behavioral Risk Factor Surveillance System,Obesity / Weight Status,Obesity / Weight Status,Percent of adults aged 18 years and older who have obesity,,Value,24.7,24.7,,,23.4,26.1,6106,Total,,,,,,"(43.62538123900049, -72.51764079099962)",OWS,OWS1,Q036,VALUE,50,Total,Total,OVR,OVERALL
2014,2014,VT,Vermont,Behavioral Risk Factor Surveillance System,Obesity / Weight Status,Obesity / Weight Status,Percent of adults aged 18 years and older who have obesity,,Value,24.8,24.8,,,23.5,26.1,6068,Total,,,,,,"(43.62538123900049, -72.51764079099962)",OWS,OWS1,Q036,VALUE,50,Total,Total,OVR,OVERALL
2011,2011,VA,Virginia,Behavioral Risk Factor Surveillance System,Obesity / Weight Status,Obesity / Weight Status,Percent of adults aged 18 years and older who have obesity,,Value,29.2,29.2,,,27.5,30.9,6151,Total,,,,,,"(37.54268067400045, -78.45789046299967)",OWS,OWS1,Q036,VALUE,51,Total,Total,OVR,OVERALL
2012,2012,VA,Virginia,Behavioral Risk Factor Surveillance System,Obesity / Weight Status,Obesity / Weight Status,Percent of adults aged 18 years and older who have obesity,,Value,27.4,27.4,,,26,28.8,6948,Total,,,,,,"(37.54268067400045, -78.45789046299967)",OWS,OWS1,Q036,VALUE,51,Total,Total,OVR,OVERALL
2013,2013,VA,Virginia,Behavioral Risk Factor Surveillance System,Obesity / Weight Status,Obesity / Weight Status,Percent of adults aged 18 years and older who have obesity,,Value,27.2,27.2,,,25.9,28.5,7941,Total,,,,,,"(37.54268067400045, -78.45789046299967)",OWS,OWS1,Q036,VALUE,51,Total,Total,OVR,OVERALL
2014,2014,VA,Virginia,Behavioral Risk Factor Surveillance System,Obesity / Weight Status,Obesity / Weight Status,Percent of adults aged 18 years and older who have obesity,,Value,28.5,28.5,,,27.2,29.7,8879,Total,,,,,,"(37.54268067400045, -78.45789046299967)",OWS,OWS1,Q036,VALUE,51,Total,Total,OVR,OVERALL
2011,2011,WA,Washington,Behavioral Risk Factor Surveillance System,Obesity / Weight Status,Obesity / Weight Status,Percent of adults aged 18 years and older who have obesity,,Value,26.5,26.5,,,25.3,27.7,13896,Total,,,,,,"(47.52227862900048, -120.47001078999972)",OWS,OWS1,Q036,VALUE,53,Total,Total,OVR,OVERALL
2012,2012,WA,Washington,Behavioral Risk Factor Surveillance System,Obesity / Weight Status,Obesity / Weight Status,Percent of adults aged 18 years and older who have obesity,,Value,26.8,26.8,,,25.8,27.8,14540,Total,,,,,,"(47.52227862900048, -120.47001078999972)",OWS,OWS1,Q036,VALUE,53,Total,Total,OVR,OVERALL
2013,2013,WA,Washington,Behavioral Risk Factor Surveillance System,Obesity / Weight Status,Obesity / Weight Status,Percent of adults aged 18 years and older who have obesity,,Value,27.2,27.2,,,26,28.3,10554,Total,,,,,,"(47.52227862900048, -120.47001078999972)",OWS,OWS1,Q036,VALUE,53,Total,Total,OVR,OVERALL
2014,2014,WA,Washington,Behavioral Risk Factor Surveillance System,Obesity / Weight Status,Obesity / Weight Status,Percent of adults aged 18 years and older who have obesity,,Value,27.3,27.3,,,26,28.5,9444,Total,,,,,,"(47.52227862900048, -120.47001078999972)",OWS,OWS1,Q036,VALUE,53,Total,Total,OVR,OVERALL
2011,2011,WV,West Virginia,Behavioral Risk Factor Surveillance System,Obesity / Weight Status,Obesity / Weight Status,Percent of adults aged 18 years and older who have obesity,,Value,32.4,32.4,,,30.9,34,4958,Total,,,,,,"(38.66551020200046, -80.71264013499967)",OWS,OWS1,Q036,VALUE,54,Total,Total,OVR,OVERALL
2012,2012,WV,West Virginia,Behavioral Risk Factor Surveillance System,Obesity / Weight Status,Obesity / Weight Status,Percent of adults aged 18 years and older who have obesity,,Value,33.8,33.8,,,32.2,35.4,5125,Total,,,,,,"(38.66551020200046, -80.71264013499967)",OWS,OWS1,Q036,VALUE,54,Total,Total,OVR,OVERALL
2013,2013,WV,West Virginia,Behavioral Risk Factor Surveillance System,Obesity / Weight Status,Obesity / Weight Status,Percent of adults aged 18 years and older who have obesity,,Value,35.1,35.1,,,33.6,36.6,5636,Total,,,,,,"(38.66551020200046, -80.71264013499967)",OWS,OWS1,Q036,VALUE,54,Total,Total,OVR,OVERALL
2014,2014,WV,West Virginia,Behavioral Risk Factor Surveillance System,Obesity / Weight Status,Obesity / Weight Status,Percent of adults aged 18 years and older who have obesity,,Value,35.7,35.7,,,34.2,37.2,5846,Total,,,,,,"(38.66551020200046, -80.71264013499967)",OWS,OWS1,Q036,VALUE,54,Total,Total,OVR,OVERALL
2011,2011,WI,Wisconsin,Behavioral Risk Factor Surveillance System,Obesity / Weight Status,Obesity / Weight Status,Percent of adults aged 18 years and older who have obesity,,Value,27.7,27.7,,,25.8,29.7,4941,Total,,,,,,"(44.39319117400049, -89.81637074199966)",OWS,OWS1,Q036,VALUE,55,Total,Total,OVR,OVERALL
2012,2012,WI,Wisconsin,Behavioral Risk Factor Surveillance System,Obesity / Weight Status,Obesity / Weight Status,Percent of adults aged 18 years and older who have obesity,,Value,29.7,29.7,,,27.8,31.6,4966,Total,,,,,,"(44.39319117400049, -89.81637074199966)",OWS,OWS1,Q036,VALUE,55,Total,Total,OVR,OVERALL
2013,2013,WI,Wisconsin,Behavioral Risk Factor Surveillance System,Obesity / Weight Status,Obesity / Weight Status,Percent of adults aged 18 years and older who have obesity,,Value,29.8,29.8,,,28,31.6,6188,Total,,,,,,"(44.39319117400049, -89.81637074199966)",OWS,OWS1,Q036,VALUE,55,Total,Total,OVR,OVERALL
2014,2014,WI,Wisconsin,Behavioral Risk Factor Surveillance System,Obesity / Weight Status,Obesity / Weight Status,Percent of adults aged 18 years and older who have obesity,,Value,31.2,31.2,,,29.6,32.8,6655,Total,,,,,,"(44.39319117400049, -89.81637074199966)",OWS,OWS1,Q036,VALUE,55,Total,Total,OVR,OVERALL
2011,2011,WY,Wyoming,Behavioral Risk Factor Surveillance System,Obesity / Weight Status,Obesity / Weight Status,Percent of adults aged 18 years and older who have obesity,,Value,25,25,,,23.5,26.6,6565,Total,,,,,,"(43.23554134300048, -108.10983035299967)",OWS,OWS1,Q036,VALUE,56,Total,Total,OVR,OVERALL
2012,2012,WY,Wyoming,Behavioral Risk Factor Surveillance System,Obesity / Weight Status,Obesity / Weight Status,Percent of adults aged 18 years and older who have obesity,,Value,24.6,24.6,,,22.9,26.5,5976,Total,,,,,,"(43.23554134300048, -108.10983035299967)",OWS,OWS1,Q036,VALUE,56,Total,Total,OVR,OVERALL
2013,2013,WY,Wyoming,Behavioral Risk Factor Surveillance System,Obesity / Weight Status,Obesity / Weight Status,Percent of adults aged 18 years and older who have obesity,,Value,27.8,27.8,,,26.2,29.5,6147,Total,,,,,,"(43.23554134300048, -108.10983035299967)",OWS,OWS1,Q036,VALUE,56,Total,Total,OVR,OVERALL
2014,2014,WY,Wyoming,Behavioral Risk Factor Surveillance System,Obesity / Weight Status,Obesity / Weight Status,Percent of adults aged 18 years and older who have obesity,,Value,29.5,29.5,,,27.5,31.5,5973,Total,,,,,,"(43.23554134300048, -108.10983035299967)",OWS,OWS1,Q036,VALUE,56,Total,Total,OVR,OVERALL
2015,2015,AL,Alabama,Behavioral Risk Factor Surveillance System,Obesity / Weight Status,Obesity / Weight Status,Percent of adults aged 18 years and older who have obesity,,Value,35.6,35.6,,,34.1,37.2,7383,Total,,,,,,"(32.84057112200048, -86.63186076199969)",OWS,OWS1,Q036,VALUE,1,Total,Total,OVR,OVERALL
2015,2015,AK,Alaska,Behavioral Risk Factor Surveillance System,Obesity / Weight Status,Obesity / Weight Status,Percent of adults aged 18 years and older who have obesity,,Value,29.8,29.8,,,27.5,32.3,3434,Total,,,,,,"(64.84507995700051, -147.72205903599973)",OWS,OWS1,Q036,VALUE,2,Total,Total,OVR,OVERALL
2015,2015,AZ,Arizona,Behavioral Risk Factor Surveillance System,Obesity / Weight Status,Obesity / Weight Status,Percent of adults aged 18 years and older who have obesity,,Value,28.4,28.4,,,26.9,30,7152,Total,,,,,,"(34.865970280000454, -111.76381127699972)",OWS,OWS1,Q036,VALUE,4,Total,Total,OVR,OVERALL
2015,2015,AR,Arkansas,Behavioral Risk Factor Surveillance System,Obesity / Weight Status,Obesity / Weight Status,Percent of adults aged 18 years and older who have obesity,,Value,34.5,34.5,,,32.2,36.9,4813,Total,,,,,,"(34.74865012400045, -92.27449074299966)",OWS,OWS1,Q036,VALUE,5,Total,Total,OVR,OVERALL
2015,2015,CA,California,Behavioral Risk Factor Surveillance System,Obesity / Weight Status,Obesity / Weight Status,Percent of adults aged 18 years and older who have obesity,,Value,24.2,24.2,,,23.2,25.2,11459,Total,,,,,,"(37.63864012300047, -120.99999953799971)",OWS,OWS1,Q036,VALUE,6,Total,Total,OVR,OVERALL
2015,2015,CO,Colorado,Behavioral Risk Factor Surveillance System,Obesity / Weight Status,Obesity / Weight Status,Percent of adults aged 18 years and older who have obesity,,Value,20.2,20.2,,,19.1,21.3,12183,Total,,,,,,"(38.843840757000464, -106.13361092099967)",OWS,OWS1,Q036,VALUE,8,Total,Total,OVR,OVERALL
2015,2015,CT,Connecticut,Behavioral Risk Factor Surveillance System,Obesity / Weight Status,Obesity / Weight Status,Percent of adults aged 18 years and older who have obesity,,Value,25.3,25.3,,,24.1,26.4,10901,Total,,,,,,"(41.56266102000046, -72.64984095199964)",OWS,OWS1,Q036,VALUE,9,Total,Total,OVR,OVERALL
2015,2015,DE,Delaware,Behavioral Risk Factor Surveillance System,Obesity / Weight Status,Obesity / Weight Status,Percent of adults aged 18 years and older who have obesity,,Value,29.7,29.7,,,27.6,31.8,3688,Total,,,,,,"(39.008830667000495, -75.57774116799965)",OWS,OWS1,Q036,VALUE,10,Total,Total,OVR,OVERALL
2015,2015,DC,District of Columbia,Behavioral Risk Factor Surveillance System,Obesity / Weight Status,Obesity / Weight Status,Percent of adults aged 18 years and older who have obesity,,Value,22.1,22.1,,,19.7,24.8,3654,Total,,,,,,"(38.89037138500049, -77.03196112699965)",OWS,OWS1,Q036,VALUE,11,Total,Total,OVR,OVERALL
2015,2015,FL,Florida,Behavioral Risk Factor Surveillance System,Obesity / Weight Status,Obesity / Weight Status,Percent of adults aged 18 years and older who have obesity,,Value,26.8,26.8,,,25.5,28.1,8985,Total,,,,,,"(28.932040377000476, -81.92896053899966)",OWS,OWS1,Q036,VALUE,12,Total,Total,OVR,OVERALL
2015,2015,GA,Georgia,Behavioral Risk Factor Surveillance System,Obesity / Weight Status,Obesity / Weight Status,Percent of adults aged 18 years and older who have obesity,,Value,30.7,30.7,,,28.8,32.6,4269,Total,,,,,,"(32.83968109300048, -83.62758034599966)",OWS,OWS1,Q036,VALUE,13,Total,Total,OVR,OVERALL
2015,2015,HI,Hawaii,Behavioral Risk Factor Surveillance System,Obesity / Weight Status,Obesity / Weight Status,Percent of adults aged 18 years and older who have obesity,,Value,22.7,22.7,,,21.3,24.1,6822,Total,,,,,,"(21.304850435000446, -157.85774940299973)",OWS,OWS1,Q036,VALUE,15,Total,Total,OVR,OVERALL
2015,2015,ID,Idaho,Behavioral Risk Factor Surveillance System,Obesity / Weight Status,Obesity / Weight Status,Percent of adults aged 18 years and older who have obesity,,Value,28.6,28.6,,,26.9,30.4,5358,Total,,,,,,"(43.682630005000476, -114.3637300419997)",OWS,OWS1,Q036,VALUE,16,Total,Total,OVR,OVERALL
2015,2015,IL,Illinois,Behavioral Risk Factor Surveillance System,Obesity / Weight Status,Obesity / Weight Status,Percent of adults aged 18 years and older who have obesity,,Value,30.8,30.8,,,29.2,32.4,5081,Total,,,,,,"(40.48501028300046, -88.99771017799969)",OWS,OWS1,Q036,VALUE,17,Total,Total,OVR,OVERALL
2015,2015,IN,Indiana,Behavioral Risk Factor Surveillance System,Obesity / Weight Status,Obesity / Weight Status,Percent of adults aged 18 years and older who have obesity,,Value,31.3,31.3,,,29.5,33.1,5647,Total,,,,,,"(39.766910452000445, -86.14996019399968)",OWS,OWS1,Q036,VALUE,18,Total,Total,OVR,OVERALL
2015,2015,IA,Iowa,Behavioral Risk Factor Surveillance System,Obesity / Weight Status,Obesity / Weight Status,Percent of adults aged 18 years and older who have obesity,,Value,32.1,32.1,,,30.5,33.8,5614,Total,,,,,,"(42.46940091300047, -93.81649055599968)",OWS,OWS1,Q036,VALUE,19,Total,Total,OVR,OVERALL
2015,2015,KS,Kansas,Behavioral Risk Factor Surveillance System,Obesity / Weight Status,Obesity / Weight Status,Percent of adults aged 18 years and older who have obesity,,Value,34.2,34.2,,,33.4,35,20930,Total,,,,,,"(38.34774030000045, -98.20078122699965)",OWS,OWS1,Q036,VALUE,20,Total,Total,OVR,OVERALL
2015,2015,KY,Kentucky,Behavioral Risk Factor Surveillance System,Obesity / Weight Status,Obesity / Weight Status,Percent of adults aged 18 years and older who have obesity,,Value,34.6,34.6,,,32.9,36.3,8130,Total,,,,,,"(37.645970271000465, -84.77497104799966)",OWS,OWS1,Q036,VALUE,21,Total,Total,OVR,OVERALL
2015,2015,LA,Louisiana,Behavioral Risk Factor Surveillance System,Obesity / Weight Status,Obesity / Weight Status,Percent of adults aged 18 years and older who have obesity,,Value,36.2,36.2,,,34.3,38.1,4324,Total,,,,,,"(31.31266064400046, -92.44568007099969)",OWS,OWS1,Q036,VALUE,22,Total,Total,OVR,OVERALL
2015,2015,ME,Maine,Behavioral Risk Factor Surveillance System,Obesity / Weight Status,Obesity / Weight Status,Percent of adults aged 18 years and older who have obesity,,Value,30,30,,,28.6,31.4,8579,Total,,,,,,"(45.254228894000505, -68.98503133599962)",OWS,OWS1,Q036,VALUE,23,Total,Total,OVR,OVERALL
2015,2015,MD,Maryland,Behavioral Risk Factor Surveillance System,Obesity / Weight Status,Obesity / Weight Status,Percent of adults aged 18 years and older who have obesity,,Value,28.9,28.9,,,27.2,30.7,11357,Total,,,,,,"(39.29058096400047, -76.60926011099963)",OWS,OWS1,Q036,VALUE,24,Total,Total,OVR,OVERALL
2015,2015,MA,Massachusetts,Behavioral Risk Factor Surveillance System,Obesity / Weight Status,Obesity / Weight Status,Percent of adults aged 18 years and older who have obesity,,Value,24.3,24.3,,,23,25.6,8206,Total,,,,,,"(42.27687047000046, -72.08269067499964)",OWS,OWS1,Q036,VALUE,25,Total,Total,OVR,OVERALL
2015,2015,MI,Michigan,Behavioral Risk Factor Surveillance System,Obesity / Weight Status,Obesity / Weight Status,Percent of adults aged 18 years and older who have obesity,,Value,31.2,31.2,,,29.9,32.4,8329,Total,,,,,,"(44.6613195430005, -84.71439026999968)",OWS,OWS1,Q036,VALUE,26,Total,Total,OVR,OVERALL
2015,2015,MN,Minnesota,Behavioral Risk Factor Surveillance System,Obesity / Weight Status,Obesity / Weight Status,Percent of adults aged 18 years and older who have obesity,,Value,26.1,26.1,,,25.3,27,15340,Total,,,,,,"(46.35564873600049, -94.79420050299967)",OWS,OWS1,Q036,VALUE,27,Total,Total,OVR,OVERALL
2015,2015,MS,Mississippi,Behavioral Risk Factor Surveillance System,Obesity / Weight Status,Obesity / Weight Status,Percent of adults aged 18 years and older who have obesity,,Value,35.6,35.6,,,33.8,37.5,5664,Total,,,,,,"(32.745510099000455, -89.53803082499968)",OWS,OWS1,Q036,VALUE,28,Total,Total,OVR,OVERALL
2015,2015,MO,Missouri,Behavioral Risk Factor Surveillance System,Obesity / Weight Status,Obesity / Weight Status,Percent of adults aged 18 years and older who have obesity,,Value,32.4,32.4,,,30.8,34,6764,Total,,,,,,"(38.635790776000476, -92.56630005299968)",OWS,OWS1,Q036,VALUE,29,Total,Total,OVR,OVERALL
2015,2015,MT,Montana,Behavioral Risk Factor Surveillance System,Obesity / Weight Status,Obesity / Weight Status,Percent of adults aged 18 years and older who have obesity,,Value,23.6,23.6,,,22.1,25.2,5563,Total,,,,,,"(47.06652897200047, -109.42442064499971)",OWS,OWS1,Q036,VALUE,30,Total,Total,OVR,OVERALL
2015,2015,NE,Nebraska,Behavioral Risk Factor Surveillance System,Obesity / Weight Status,Obesity / Weight Status,Percent of adults aged 18 years and older who have obesity,,Value,31.4,31.4,,,30.3,32.5,16265,Total,,,,,,"(41.6410409880005, -99.36572062299967)",OWS,OWS1,Q036,VALUE,31,Total,Total,OVR,OVERALL
2015,2015,NV,Nevada,Behavioral Risk Factor Surveillance System,Obesity / Weight Status,Obesity / Weight Status,Percent of adults aged 18 years and older who have obesity,,Value,26.7,26.7,,,24.1,29.5,2701,Total,,,,,,"(39.493240390000494, -117.07184056399967)",OWS,OWS1,Q036,VALUE,32,Total,Total,OVR,OVERALL
2015,2015,NH,New Hampshire,Behavioral Risk Factor Surveillance System,Obesity / Weight Status,Obesity / Weight Status,Percent of adults aged 18 years and older who have obesity,,Value,26.3,26.3,,,24.8,27.9,6366,Total,,,,,,"(43.65595011300047, -71.50036091999965)",OWS,OWS1,Q036,VALUE,33,Total,Total,OVR,OVERALL
2015,2015,NJ,New Jersey,Behavioral Risk Factor Surveillance System,Obesity / Weight Status,Obesity / Weight Status,Percent of adults aged 18 years and older who have obesity,,Value,25.6,25.6,,,24.3,26.9,10184,Total,,,,,,"(40.13057004800049, -74.27369128799967)",OWS,OWS1,Q036,VALUE,34,Total,Total,OVR,OVERALL
2015,2015,NM,New Mexico,Behavioral Risk Factor Surveillance System,Obesity / Weight Status,Obesity / Weight Status,Percent of adults aged 18 years and older who have obesity,,Value,28.8,28.8,,,27.1,30.6,6206,Total,,,,,,"(34.52088095200048, -106.24058098499967)",OWS,OWS1,Q036,VALUE,35,Total,Total,OVR,OVERALL
2015,2015,NY,New York,Behavioral Risk Factor Surveillance System,Obesity / Weight Status,Obesity / Weight Status,Percent of adults aged 18 years and older who have obesity,,Value,25,25,,,24,26.1,11281,Total,,,,,,"(42.82700103200045, -75.54397042699964)",OWS,OWS1,Q036,VALUE,36,Total,Total,OVR,OVERALL
2015,2015,NC,North Carolina,Behavioral Risk Factor Surveillance System,Obesity / Weight Status,Obesity / Weight Status,Percent of adults aged 18 years and older who have obesity,,Value,30.1,30.1,,,28.7,31.5,6019,Total,,,,,,"(35.466220975000454, -79.15925046299964)",OWS,OWS1,Q036,VALUE,37,Total,Total,OVR,OVERALL
2015,2015,ND,North Dakota,Behavioral Risk Factor Surveillance System,Obesity / Weight Status,Obesity / Weight Status,Percent of adults aged 18 years and older who have obesity,,Value,31,31,,,29.3,32.8,4612,Total,,,,,,"(47.47531977900047, -100.11842104899966)",OWS,OWS1,Q036,VALUE,38,Total,Total,OVR,OVERALL
2015,2015,OH,Ohio,Behavioral Risk Factor Surveillance System,Obesity / Weight Status,Obesity / Weight Status,Percent of adults aged 18 years and older who have obesity,,Value,29.8,29.8,,,28.4,31.2,10924,Total,,,,,,"(40.06021014100048, -82.40426005599966)",OWS,OWS1,Q036,VALUE,39,Total,Total,OVR,OVERALL
2015,2015,OK,Oklahoma,Behavioral Risk Factor Surveillance System,Obesity / Weight Status,Obesity / Weight Status,Percent of adults aged 18 years and older who have obesity,,Value,33.9,33.9,,,32.2,35.6,6521,Total,,,,,,"(35.47203135600046, -97.52107021399968)",OWS,OWS1,Q036,VALUE,40,Total,Total,OVR,OVERALL
2015,2015,OR,Oregon,Behavioral Risk Factor Surveillance System,Obesity / Weight Status,Obesity / Weight Status,Percent of adults aged 18 years and older who have obesity,,Value,30.1,30.1,,,28.4,31.8,4905,Total,,,,,,"(44.56744942400047, -120.15503132599969)",OWS,OWS1,Q036,VALUE,41,Total,Total,OVR,OVERALL
2015,2015,PA,Pennsylvania,Behavioral Risk Factor Surveillance System,Obesity / Weight Status,Obesity / Weight Status,Percent of adults aged 18 years and older who have obesity,,Value,30,30,,,28.4,31.6,5335,Total,,,,,,"(40.79373015200048, -77.86070029399963)",OWS,OWS1,Q036,VALUE,42,Total,Total,OVR,OVERALL
2015,2015,RI,Rhode Island,Behavioral Risk Factor Surveillance System,Obesity / Weight Status,Obesity / Weight Status,Percent of adults aged 18 years and older who have obesity,,Value,26,26,,,24.3,27.7,5668,Total,,,,,,"(41.70828019300046, -71.52247031399963)",OWS,OWS1,Q036,VALUE,44,Total,Total,OVR,OVERALL
2015,2015,SC,South Carolina,Behavioral Risk Factor Surveillance System,Obesity / Weight Status,Obesity / Weight Status,Percent of adults aged 18 years and older who have obesity,,Value,31.7,31.7,,,30.5,33,10865,Total,,,,,,"(33.998821303000454, -81.04537120699968)",OWS,OWS1,Q036,VALUE,45,Total,Total,OVR,OVERALL
2015,2015,SD,South Dakota,Behavioral Risk Factor Surveillance System,Obesity / Weight Status,Obesity / Weight Status,Percent of adults aged 18 years and older who have obesity,,Value,30.4,30.4,,,28.5,32.3,6707,Total,,,,,,"(44.353130053000484, -100.3735306369997)",OWS,OWS1,Q036,VALUE,46,Total,Total,OVR,OVERALL
2015,2015,TN,Tennessee,Behavioral Risk Factor Surveillance System,Obesity / Weight Status,Obesity / Weight Status,Percent of adults aged 18 years and older who have obesity,,Value,33.8,33.8,,,31.9,35.7,5475,Total,,,,,,"(35.68094058000048, -85.77449091399967)",OWS,OWS1,Q036,VALUE,47,Total,Total,OVR,OVERALL
2015,2015,TX,Texas,Behavioral Risk Factor Surveillance System,Obesity / Weight Status,Obesity / Weight Status,Percent of adults aged 18 years and older who have obesity,,Value,32.4,32.4,,,30.9,33.9,13230,Total,,,,,,"(31.827240407000488, -99.42677020599967)",OWS,OWS1,Q036,VALUE,48,Total,Total,OVR,OVERALL
2015,2015,UT,Utah,Behavioral Risk Factor Surveillance System,Obesity / Weight Status,Obesity / Weight Status,Percent of adults aged 18 years and older who have obesity,,Value,24.5,24.5,,,23.5,25.5,10455,Total,,,,,,"(39.360700171000474, -111.58713063499971)",OWS,OWS1,Q036,VALUE,49,Total,Total,OVR,OVERALL
2015,2015,VT,Vermont,Behavioral Risk Factor Surveillance System,Obesity / Weight Status,Obesity / Weight Status,Percent of adults aged 18 years and older who have obesity,,Value,25.1,25.1,,,23.8,26.6,6008,Total,,,,,,"(43.62538123900049, -72.51764079099962)",OWS,OWS1,Q036,VALUE,50,Total,Total,OVR,OVERALL
2015,2015,VA,Virginia,Behavioral Risk Factor Surveillance System,Obesity / Weight Status,Obesity / Weight Status,Percent of adults aged 18 years and older who have obesity,,Value,29.2,29.2,,,27.9,30.6,8030,Total,,,,,,"(37.54268067400045, -78.45789046299967)",OWS,OWS1,Q036,VALUE,51,Total,Total,OVR,OVERALL
2015,2015,WA,Washington,Behavioral Risk Factor Surveillance System,Obesity / Weight Status,Obesity / Weight Status,Percent of adults aged 18 years and older who have obesity,,Value,26.4,26.4,,,25.5,27.4,14694,Total,,,,,,"(47.52227862900048, -120.47001078999972)",OWS,OWS1,Q036,VALUE,53,Total,Total,OVR,OVERALL
2015,2015,WV,West Virginia,Behavioral Risk Factor Surveillance System,Obesity / Weight Status,Obesity / Weight Status,Percent of adults aged 18 years and older who have obesity,,Value,35.6,35.6,,,34.1,37.1,5471,Total,,,,,,"(38.66551020200046, -80.71264013499967)",OWS,OWS1,Q036,VALUE,54,Total,Total,OVR,OVERALL
2015,2015,WI,Wisconsin,Behavioral Risk Factor Surveillance System,Obesity / Weight Status,Obesity / Weight Status,Percent of adults aged 18 years and older who have obesity,,Value,30.7,30.7,,,29,32.4,5755,Total,,,,,,"(44.39319117400049, -89.81637074199966)",OWS,OWS1,Q036,VALUE,55,Total,Total,OVR,OVERALL
2015,2015,WY,Wyoming,Behavioral Risk Factor Surveillance System,Obesity / Weight Status,Obesity / Weight Status,Percent of adults aged 18 years and older who have obesity,,Value,29,29,,,27,31.1,5010,Total,,,,,,"(43.23554134300048, -108.10983035299967)",OWS,OWS1,Q036,VALUE,56,Total,Total,OVR,OVERALL
2015,2015,GU,Guam,Behavioral Risk Factor Surveillance System,Obesity / Weight Status,Obesity / Weight Status,Percent of adults aged 18 years and older who have obesity,,Value,31.6,31.6,,,28.2,35.1,1588,Total,,,,,,"(13.444304, 144.793731)",OWS,OWS1,Q036,VALUE,66,Total,Total,OVR,OVERALL
2015,2015,PR,Puerto Rico,Behavioral Risk Factor Surveillance System,Obesity / Weight Status,Obesity / Weight Status,Percent of adults aged 18 years and older who have obesity,,Value,29.5,29.5,,,28,31.1,5154,Total,,,,,,"(18.220833, -66.590149)",OWS,OWS1,Q036,VALUE,72,Total,Total,OVR,OVERALL
